Ref,First_Name,Last_Name,Email,Gender,IP_Address,Date_of_Birth
1,Germayne,Simmons,gsimmons0@cdbaby.com,Male,24.48.223.251,18/11/1959
2,Cosmo,Pleass,cpleass1@netscape.com,Male,108.87.136.28,08/11/1935
3,Henrik,Boag,hboag2@bizjournals.com,Male,221.105.60.101,07/10/1989
4,Kinsley,Millard,kmillard3@furl.net,Male,67.153.106.99,03/02/1954
5,Peri,Lippatt,plippatt4@liveinternet.ru,Female,179.46.90.224,21/12/1988
6,christabel,start,cstart5@wired.com,Female,204.249.255.202,25/04/1996
7,Oralee,Warr,owarr6@mediafire.com,Female,149.182.65.177,04/12/1956
8,Elmo,Kime,ekime7@paginegialle.it,Male,238.134.174.180,13/05/1934
9,Diego,Kolin,dkolin8@statcounter.com,Male,1df6:b3b9:cdb7:d246:3fe9:7288:46ee:e528,31/07/1938
10,Chris,Seiffert,cseiffert9@vimeo.com,Male,21.155.195.124,16/11/1990
11,Whitney,Helin,whelina@google.cn,Male,90.251.166.212,05/08/1996
12,Ailsun,Pimley,apimleyb@storify.com,Female,198.212.184.176,07/07/1930
13,Honey,Yanez,hyanezc@springer.com,Female,170.144.36.249,27/03/1987
14,Dav,Windrass,dwindrassd@dropbox.com,Male,234.216.54.202,10/12/1971
15,Mei,Ashfull,mashfulle@hao123.com,Female,104.247.223.144,27/06/1934
16,Aymer,Maddox,amaddoxf@godaddy.com,Male,193.185.179.254,05/05/1974
17,Hubey,Rossoni,hrossonig@yellowbook.com,Male,100.189.208.77,01/08/1953
18,Chalmers,Gudyer,cgudyerh@pen.io,Male,86.27.124.116,13/05/1954
19,Juana,Frushard,jfrushardi@arstechnica.com,Female,71.59.203.254,07/11/1960
20,Blake,Kydde,bkyddej@dyndns.org,Male,194.196.245.155,12/04/1997
21,Daisy,Andriveaux,dandriveauxk@friendfeed.com,Female,26.165.249.107,08/03/1988
22,Gualterio,Edgin,gedginl@slate.com,Male,138.117.145.148,25/12/1970
23,Janel,Albiston,jalbistonm@sohu.com,Female,103.113.4.125,21/10/1954
24,Dominik,Quantrill,dquantrilln@odnoklassniki.ru,Male,205.119.81.12,04/10/1979
25,Mano,Auchterlony,mauchterlonyo@comsenz.com,Male,168.3.146.156,12/12/2001
26,Linzy,Griffitts,lgriffittsp@angelfire.com,Female,181.68.248.176,29/04/1931
27,Marybelle,,mmaccathayq@mapy.cz,Female,159.69.252.11,21/08/1944
28,Rodge,Barber,rbarberr@state.gov,Male,1.57.187.42,07/05/1931
29,Loren,Bidewell,lbidewells@yellowpages.com,Female,52.145.163.222,04/03/1945
30,Lombard,Fibbings,lfibbingst@flickr.com,Male,214.23.160.11,12/08/1961
31,Xerxes,Chotty,xchottyu@123-reg.co.uk,Male,84.223.250.253,06/02/1996
32,Wandie,Brando,wbrandov@youtube.com,Female,81.183.55.25,22/08/1954
33,Merrielle,Filmer,mfilmerw@bandcamp.com,Female,82.204.156.46,15/09/2000
34,Ashil,Lyddiatt,alyddiattx@nhs.uk,Female,43.147.3.50,25/05/1942
35,Bruno,Daubney,bdaubneyy@craigslist.org,Male,48.89.197.165,16/04/1954
36,Bent,Askwith,baskwithz@mail.ru,Male,66.158.46.163,01/31/1995
37,Doreen,Coopey,dcoopey10@instagram.com,Female,11.87.105.68,12/07/1956
38,Gian,Forward,gforward11@zdnet.com,Male,128.12.159.177,27/11/1932
39,Cyrille,Waterstone,cwaterstone12@baidu.com,Male,203.14.246.201,30/09/2001
40,Velvet,Hobell,vhobell13@theguardian.com,Female,239.97.222.134,30/08/1981
41,Catlaina,Szantho,cszantho14@printfriendly.com,Female,254.15.132.227,14/08/2002
42,Iris,Gatus,igatus15@tinyurl.com,Female,12.63.63.63,25/08/1997
43,Meris,Grzegorecki,mgrzegorecki16@wordpress.com,Female,119.7.188.47,19/05/1987
44,Martino,Kainz,mkainz17@mysql.com,Male,180.119.179.114,27/12/1962
45,Norean,Friedman,nfriedman18@creativecommons.org,Female,62.194.195.17,14/07/1955
46,Warde,Haps,whaps19@mac.com,Male,37.0.247.10,06/07/1955
47,Tudor,Formigli,tformigli1a@zdnet.com,Male,84.106.49.111,20/03/1940
48,Dorie,Wittman,dwittman1b@opensource.org,Female,168.114.202.67,30/06/1944
49,Dianna,Leynagh,dleynagh1c@newyorker.com,Female,237.130.159.83,13/09/1966
50,Rhianon,Dreger,rdreger1d@oaic.gov.au,Female,241.53.245.211,01/02/1971
51,Kirbie,Pearle,kpearle1e@walmart.com,Female,78.252.178.108,03/02/2001
52,Scottie,Leggott,sleggott1f@dot.gov,Male,166.215.151.162,09/06/1967
53,Belia,Oneal,boneal1g@imgur.com,Female,227.36.201.45,27/11/1937
54,Matilde,Davidwitz,mdavidwitz1h@photobucket.com,Female,167.98.155.111,02/11/1981
55,Paquito,Josephoff,pjosephoff1i@phpbb.com,Male,62.22.62.169,06/04/1991
56,Johnathon,Glennie,jglennie1j@arizona.edu,Male,131.199.48.16,17/06/1965
57,Ailina,Ragbourne,aragbourne1k@telegraph.co.uk,Female,106.168.236.221,23/12/1976
58,Charlean,McDermid,cmcdermid1l@deviantart.com,Female,155.108.118.120,03/05/1958
59,Janetta,Furnell,jfurnell1m@ifeng.com,Female,44.111.188.205,09/11/1933
60,Merla,Pudner,mpudner1n@phoca.cz,Female,196.1.25.84,16/09/1951
61,Clarke,Loeber,cloeber1o@kickstarter.com,Male,217.162.220.230,30/01/1971
62,Candace,Sutworth,csutworth1p@princeton.edu,Female,249.165.49.208,31/03/1949
63,Bert,Breissan,bbreissan1q@youtube.com,Female,194.129.135.105,14/02/1971
64,Orbadiah,Beresfore,oberesfore1r@csmonitor.com,Male,255.65.135.106,28/06/2003
65,Obediah,Orgee,oorgee1s@who.int,Male,4.51.59.1,13/10/1937
66,Inglebert,Tomkies,itomkies1t@moonfruit.com,Male,75.254.187.164,13/05/1972
67,Ansley,Atwell,,Female,66.154.19.143,13/08/1949
68,Vania,Knottley,vknottley1v@google.cn,Female,197.12.177.122,07/06/2000
69,Cynthy,Beverage,cbeverage1w@hugedomains.com,Female,56.43.127.114,04/01/1953
70,Jacquie,Limming,jlimming1x@exblog.jp,Female,17.243.69.181,14/03/1960
71,Anni,Guilloux,aguilloux1y@china.com.cn,Female,145.207.184.26,02/03/1936
72,Jameson,Hellsdon,jhellsdon1z@cafepress.com,Male,223.25.202.12,21/12/1978
73,Pammie,Keates,pkeates20@timesonline.co.uk,Female,15.150.175.161,21/02/2002
74,Rosana,Bengtsson,rbengtsson21@yahoo.co.jp,Female,9.239.173.78,16/10/1973
75,Taber,Gadsdon,tgadsdon22@pen.io,Male,6.44.19.9,21/07/1982
76,Bronnie,Brighouse,bbrighouse23@forbes.com,Male,110.215.156.122,12/12/1958
77,Reinold,Garrigan,rgarrigan24@unblog.fr,Male,29.39.174.89,18/10/2004
78,Sholom,Niaves,sniaves25@jigsy.com,Male,168.158.230.225,22/11/1984
79,Dorita,O' Markey,domarkey26@newyorker.com,Female,4.235.161.14,25/07/1963
80,Clemens,Tremethack,ctremethack27@mit.edu,Male,190.249.177.63,03/05/1974
81,Izaak,Francecione,ifrancecione28@umich.edu,Male,230.110.233.214,07/04/1952
82,Emmye,Crumpton,ecrumpton29@google.fr,Female,77.48.88.9,27/07/1936
83,Jade,Rounding,jrounding2a@tumblr.com,Female,73.81.19.125,21/07/1946
84,Lawton,Fansy,lfansy2b@xing.com,Male,137.193.82.205,28/11/1932
85,Derry,Burndred,dburndred2c@upenn.edu,Male,8.59.59.144,20/02/2000
86,Maurits,Lanphere,mlanphere2d@walmart.com,Male,3.56.99.185,28/12/1953
87,Duky,Ranyelld,dranyelld2e@rambler.ru,Male,94.79.159.74,06/10/1951
88,Tomasina,Hertwell,thertwell2f@disqus.com,Female,33.72.91.31,30/12/1962
89,Malchy,Note,mnote2g@engadget.com,Male,151.71.108.153,28/03/1950
90,Karlens,Igoe,kigoe2h@fema.gov,Male,215.174.209.206,31/03/1946
91,Cos,Ioan,cioan2i@statcounter.com,Male,64.24.18.183,22/12/1971
92,Joelynn,Proffitt,jproffitt2j@dyndns.org,Female,75.11.172.10,30/05/1933
93,Louisette,Meaking,lmeaking2k@ovh.net,Female,34.52.137.96,25/04/1934
94,Devina,Mateo,dmateo2l@utexas.edu,Female,5.30.220.134,30/05/1982
95,Mark,Hemphill,mhemphill2m@google.com.br,Male,180.14.100.45,17/07/1964
96,Aline,Djordjevic,adjordjevic2n@ovh.net,Female,167.25.163.184,30/08/1973
97,Hillel,Jerratsch,hjerratsch2o@about.com,Male,193.168.161.40,21/03/1987
98,Murdoch,Jackways,mjackways2p@nydailynews.com,Male,22.23.41.188,07/12/1956
99,Dionysus,Chevolleau,dchevolleau2q@un.org,Male,42.150.241.124,28/06/1984
100,Vitoria,Crosfeld,vcrosfeld2r@mysql.com,Female,244.155.113.180,30/04/2001
101,Britt,Mc Corley,bmccorley2s@illinois.edu,Male,184.157.96.18,18/03/1935
102,Florencia,Stanlack,fstanlack2t@histats.com,Female,181.46.245.40,27/27/1991
103,Teddy,Spat,tspat2u@slate.com,Female,50.111.106.127,03/08/1937
104,Lita,Paddie,lpaddie2v@jalbum.net,Female,68.107.36.123,24/08/1998
105,Stinky,Mackriell,smackriell2w@topsy.com,Male,243.93.99.107,07/09/1954
106,Doug,Phoenix,dphoenix2x@acquirethisname.com,Male,42.142.249.223,02/11/1956
107,Alvira,Merwe,amerwe2y@theglobeandmail.com,Female,199.72.132.246,28/03/1987
108,Stanton,Pickerill,spickerill2z@newyorker.com,Male,233.151.203.53,05/05/1992
109,Nelly,Flanner,nflanner30@shinystat.com,Female,217.141.93.195,23/11/1935
110,Dell,Coraini,dcoraini31@bluehost.com,Male,143.30.202.44,31/01/1975
111,Cordie,Le Pruvost,clepruvost32@studiopress.com,Female,251.67.9.100,26/02/1933
112,Abbot,Kose,akose33@issuu.com,Male,118.79.19.67,19/10/1942
113,Ewen,Danilyak,edanilyak34@eepurl.com,Male,50.132.182.131,31/10/1942
114,Kevyn,Blyth,kblyth35@businessinsider.com,Female,198.186.183.33,04/12/1948
115,Farlee,Bugdall,fbugdall36@behance.net,Male,19.6.184.202,02/09/1998
116,Kimberli,Christoforou,kchristoforou37@sfgate.com,Female,41.62.240.93,08/03/1962
117,Ches,Sloane,csloane38@bizjournals.com,Male,129.164.87.221,21/02/1973
118,Averell,Marcoolyn,amarcoolyn39@deliciousdays.com,Male,181.28.31.208,09/08/1974
119,Sophronia,Shoebotham,sshoebotham3a@intel.com,Female,161.67.88.201,21/12/2003
120,Andree,Pauel,apauel3b@zdnet.com,Female,224.243.40.214,23/06/2004
121,Josh,Keating,jkeating3c@bravesites.com,Male,63.21.242.85,01/10/1948
122,Tedda,Grayshan,tgrayshan3d@pinterest.com,Female,214.31.202.162,10/01/1993
123,Harman,Cossell,hcossell3e@sphinn.com,Male,217.71.206.247,13/11/1964
124,Benedicta,Nurden,bnurden3f@friendfeed.com,1,97.133.217.98,16/07/1940
125,Giffy,Spires,gspires3g@guardian.co.uk,Male,33.52.196.3,20/12/1966
126,Catherine,Jillitt,cjillitt3h@xrea.com,Female,114.7.206.85,14/01/1994
127,Derrick,Witts,dwitts3i@cafepress.com,Male,237.188.92.27,23/05/1934
128,Deni,Le Franc,dlefranc3j@cpanel.net,Female,244.121.175.176,11/11/1931
129,Rowan,Deeprose,rdeeprose3k@aboutads.info,Male,143.97.42.165,04/09/1967
130,Sephira,Reye,sreye3l@usnews.com,Female,24.89.244.239,09/08/1995
131,Bordie,Lerhinan,blerhinan3m@weibo.com,Male,222.207.104.107,21/01/1931
132,Dominique,Brandenberg,dbrandenberg3n@kickstarter.com,Male,77.4.198.168,21/05/1988
133,Marve,Sendley,msendley3o@delicious.com,Male,248.180.191.196,25/03/2003
134,Adrienne,Marcos,amarcos3p@cbslocal.com,Female,210.16.169.85,29/11/1941
135,Waldon,Tomaszek,wtomaszek3q@wordpress.org,Male,31.98.2.66,21/07/1981
136,Elysha,Yedy,eyedy3r@vimeo.com,Female,12.84.242.57,28/06/1950
137,Myron,Windas,mwindas3s@google.it,Male,163.5.15.221,28/02/1955
138,Robers,Dran,rdran3t@bigcartel.com,Male,173.103.177.22,02/06/1969
139,Cecelia,Hynes,chynes3u@slate.com,Female,220.145.170.131,09/08/1967
140,Corby,Hurling,churling3v@edublogs.org,Male,242.101.18.13,01/07/1934
141,Shalne,Sitch,ssitch3w@ucoz.com,Female,176.197.103.126,20/11/1954
142,Diahann,Burstowe,dburstowe3x@ihg.com,Female,131.38.91.91,14/05/1942
143,Izak,Slewcock,islewcock3y@tmall.com,Male,139.79.27.66,26/01/1948
144,Tonia,Hearnes,thearnes3z@google.cn,Female,121.188.56.176,29/08/1930
145,Filippa,Madill,fmadill40@paypal.com,Female,147.136.133.204,21/03/2005
146,Iris,Dumbellow,idumbellow41@comsenz.com,Female,94.140.179.154,15/11/1932
147,Micky,Edgeson,medgeson42@sciencedaily.com,Female,73.202.218.159,24/09/1938
148,Dorie,Boncoeur,dboncoeur43@miibeian.gov.cn,Male,49.35.3.55,04/06/1981
149,Augustus,Hillhouse,ahillhouse44@behance.net,Male,127.133.244.185,18/04/1987
150,Wilow,Chivrall,wchivrall45@sourceforge.net,Female,192.206.151.119,17/01/1931
151,Bertrand,Lowings,blowings46@trellian.com,Male,128.21.5.233,15/03/1946
152,Vernon,Elnaugh,velnaugh47@bloglines.com,Male,215.164.206.175,24/07/1987
153,Paige,Tomaszkiewicz,ptomaszkiewicz48@com.com,Male,103.186.240.61,13/11/1940
154,Lesya,Saulter,lsaulter49@springer.com,Female,228.63.24.122,29/06/1983
155,Rogerio,Duignan,rduignan4a@alexa.com,Male,61.202.157.107,22/09/1990
156,Christopher,Worgen,cworgen4b@chronoengine.com,Male,196.31.228.17,06/07/1970
157,Tabbie,Floweth,tfloweth4c@mtv.com,Male,65.63.104.245,19/04/1984
158,Willis,Izhak,wizhak4d@yellowpages.com,m ,113.148.149.188,27/10/1937
159,Stanly,Pellamonuten,spellamonuten4e@prnewswire.com,Male,89.43.69.177,27/02/1992
160,Barnard,Poletto,bpoletto4f@msn.com,Male,243.174.147.56,22/05/1983
161,Shannah,Eblein,seblein4g@live.com,Female,123.58.59.0,16/09/1986
162,Jareb,Lackinton,jlackinton4h@webmd.com,Male,66.243.167.132,23/07/1932
163,Maximo,Catton,mcatton4i@homestead.com,Male,234.207.59.249,19/12/1983
164,Jarib,Corteis,jcorteis4j@un.org,Male,38.204.16.175,22/07/1967
165,Roman,Luciano,rluciano4k@cbc.ca,Male,13.75.78.245,22/03/1964
166,Kathleen,Twinberrow,ktwinberrow4l@sciencedirect.com,Female,66.155.173.151,18/06/1993
167,Silvain,Mansour,smansour4m@hud.gov,Male,189.8.109.240,04/01/1943
168,Artie,Gowen,agowen4n@wordpress.org,Male,34.25.172.192,12/05/1939
169,Leigh,Matisse,lmatisse4o@utexas.edu,Female,211.189.183.45,13/06/1968
170,Slade,Thebeaud,sthebeaud4p@altervista.org,Male,72.153.193.71,28/10/1986
171,Millard,Scupham,mscupham4q@multiply.com,Male,49.202.34.68,29/05/1988
172,Mycah,Richardsson,mrichardsson4r@epa.gov,Male,198.187.36.142,30/01/1981
173,Arni,Schulter,aschulter4s@timesonline.co.uk,Male,191.46.129.33,20/05/1955
174,Kakalina,,khalcro4t@deliciousdays.com,Female,94.50.14.10,19/09/1949
175,Ryan,Nusche,rnusche4u@toplist.cz,Male,208.77.60.233,19/10/1965
176,Morie,Scolts,mscolts4v@patch.com,Male,131.196.102.47,14/11/1967
177,Jarid,Laxston,jlaxston4w@123-reg.co.uk,Male,189.98.199.159,12/01/1997
178,Bella,Vise,bvise4x@yolasite.com,Female,204.213.208.157,17/03/1991
179,Farrah,Moral,fmoral4y@chicagotribune.com,Female,58.188.92.138,12/10/1947
180,Annabel,Van Geffen,avangeffen4z@liveinternet.ru,Female,32.167.124.240,24/04/1959
181,Barr,Leneham,bleneham50@baidu.com,Male,184.218.103.50,28/06/1949
182,Wenona,Raiment,wraiment51@vimeo.com,Female,81.55.77.127,24/05/1953
183,Alyosha,Capell,acapell52@vinaora.com,Male,23.193.135.26,20/01/1964
184,Derrek,Conibere,dconibere53@pen.io,Male,107.190.136.209,07/06/1937
185,Margret,Ellam,mellam54@yellowpages.com,Female,147.54.207.97,25/10/1986
186,Matilde,Dutch,mdutch55@nyu.edu,Female,133.184.254.21,10/12/1965
187,Irvin,Mearns,imearns56@cocolog-nifty.com,Male,21.104.244.225,04/02/1959
188,Tandy,Bowmen,tbowmen57@i2i.jp,Female,67.101.7.107,25/12/1954
189,Davina,Wardle,dwardle58@nih.gov,Female,250.43.70.39,05/05/1974
190,Emmet,Wilton,ewilton59@redcross.org,Male,250.216.241.169,25/12/1942
191,Emilee,Barnaby,ebarnaby5a@earthlink.net,Female,242.33.104.162,26/05/1938
192,Guillermo,Hainey`,ghainey5b@vk.com,Male,145.39.202.210,18/01/1978
193,Inesita,Rosin,irosin5c@spiegel.de,Female,120.135.237.130,16/02/1962
194,Colene,Graben,cgraben5d@pbs.org,Female,28.250.233.102,13/09/1960
195,Dianemarie,Pragnall,dpragnall5e@cisco.com,Female,106.231.245.109,08/10/1989
196,Courtnay,Lorrain,clorrain5f@alexa.com,Male,23.132.102.15,09/11/1952
197,Britt,Pedri,bpedri5g@amazon.com,Male,74.109.103.184,19/07/1960
198,Sabrina,Mylechreest,smylechreest5h@sina.com.cn,Female,65.52.32.12,03/07/1937
199,Igor,Huntress,ihuntress5i@google.nl,Male,27.59.39.37,23/02/1956
200,Bettina,Manifield,bmanifield5j@i2i.jp,Female,51.48.68.62,08/01/1960
201,Jamey,Enderwick,jenderwick5k@goo.gl,Male,108.92.236.1,27/04/1959
202,Pyotr,Jannequin,pjannequin5l@1und1.de,Male,198.248.114.229,09/08/1961
203,Pietro,Feldhammer,pfeldhammer5m@hao123.com,Male,162.245.10.61,25/03/2001
204,Carce,Legonidec,clegonidec5n@reference.com,Male,228.110.129.180,26/01/1968
205,Hulda,Edmenson,hedmenson5o@cornell.edu,Female,108.137.235.146,19/06/1977
206,Sherlock,Skillern,sskillern5p@vinaora.com,Male,240.182.248.176,28/07/1983
207,Glen,Hannon,ghannon5q@chicagotribune.com,Female,170.233.175.215,03/03/1942
208,Marianne,Fattori,mfattori5r@mysql.com,Female,221.113.156.60,26/04/1948
209,Renato,Hendrich,rhendrich5s@unicef.org,Male,190.25.136.30,06/04/1970
210,Elbert,Oels,eoels5t@privacy.gov.au,Male,194.121.223.154,23/05/1944
211,Basilius,Hadeke,bhadeke5u@fc2.com,Male,22.45.90.12,02/03/1998
212,Wendall,Bletso,wbletso5v@prlog.org,Male,71.147.150.168,18/02/2002
213,Tracie,Blazewicz,tblazewicz5w@oaic.gov.au,Female,215.65.15.168,25/04/1962
214,Adrian,Champkin,achampkin5x@house.gov,Female,93.66.170.245,17/04/1959
215,Codie,Devanny,cdevanny5y@wikia.com,Female,32.111.242.154,06/01/1939
216,Rosene,Ericsson,rericsson5z@google.es,Female,57.197.24.158,31/07/1960
217,Quinta,Jurgenson,qjurgenson60@so-net.ne.jp,Female,131.182.38.143,12/06/1974
218,James,Whitehead,jwhitehead61@amazon.co.uk,Male,178.181.36.252,03/02/1936
219,Pamelina,McIlveen,pmcilveen62@spotify.com,Female,230.66.15.5,15/11/1956
220,Jess,Menghi,jmenghi63@homestead.com,Male,154.38.24.198,29/01/1963
221,Shep,Elldred,selldred64@discovery.com,Male,93.123.182.68,09/10/1985
222,Doralin,Fivey,dfivey65@de.vu,Female,220.177.26.65,12/08/1937
223,Susy,Swannell,sswannell66@xrea.com,Female,123.87.200.193,05/10/1958
224,Bird,Drakeford,bdrakeford67@myspace.com,Female,162.114.34.158,19/03/1973
225,Damon,Dargavel,ddargavel68@instagram.com,Male,147.150.58.169,15/07/1953
226,Gabriellia,Heath,gheath69@opensource.org,Female,134.155.209.13,20/08/1998
227,Blithe,Janczak,bjanczak6a@reddit.com,Female,254.89.50.131,20/09/1962
228,Nathanial,Spreag,nspreag6b@nih.gov,Male,106.53.242.68,27/05/2000
229,Kathie,Valsler,kvalsler6c@ameblo.jp,Female,200.219.208.200,20/01/1935
230,Riva,Zecchini,rzecchini6d@edublogs.org,Female,29.20.6.254,21/08/1950
231,Kali,Falks,kfalks6e@dot.gov,Female,23.55.38.154,14/03/1983
232,Galvin,Eagles,geagles6f@facebook.com,Male,182.194.91.199,14/05/1976
233,Lucian,Turpin,lturpin6g@ovh.net,Male,23.74.46.202,06/01/1957
234,Dmitri,Jakubovski,djakubovski6h@earthlink.net,Male,119.169.7.92,17/02/2001
235,Perry,Purkis,ppurkis6i@usnews.com,Male,130.23.115.29,03/04/1984
236,Aguistin,Rockingham,arockingham6j@a8.net,Male,50.61.76.79,13/05/1996
237,Quentin,Demsey,qdemsey6k@com.com,Male,89.149.159.66,05/08/1954
238,Leo,Kezar,lkezar6l@amazon.co.jp,Male,0.179.118.20,28/02/1944
239,Desiree,Purselowe,dpurselowe6m@google.ru,Female,73.71.75.239,11/02/1959
240,Reg,Dovey,rdovey6n@ibm.com,Male,157.120.46.68,02/06/1801
241,Kassandra,Mc Gee,kmcgee6o@freewebs.com,Female,129.241.46.59,12/01/1950
242,Quentin,Reolfo,qreolfo6p@blogtalkradio.com,Female,239.174.159.222,03/03/1977
243,Andriette,Gandrich,agandrich6q@reddit.com,Female,208.15.234.72,22/07/1947
244,Jamal,Arrigucci,jarrigucci6r@gravatar.com,Male,118.204.219.43,12/04/1992
245,Merola,Stanley,mstanley6s@tumblr.com,Female,220.223.78.78,13/02/1937
246,Maryann,Paule,mpaule6t@constantcontact.com,Female,179.69.41.135,10/04/1931
247,Colby,Penhearow,cpenhearow6u@scientificamerican.com,Male,147.243.68.118,26/09/1958
248,Quinn,Mollnar,qmollnar6v@simplemachines.org,Male,75.67.94.53,22/05/1986
249,Lelah,Stilgo,lstilgo6w@house.gov,Female,3382:2b24:9d84:3f16:93ed:c969:7099:3ce9,08/07/2005
250,Mychal,Phillippo,mphillippo6x@wordpress.org,Male,208.57.48.38,27/07/1992
251,Catrina,Fockes,cfockes6y@addtoany.com,Female,31.141.58.112,06/11/1979
252,Leonie,Cammock,lcammock6z@dyndns.org,Female,31.158.176.64,20/02/1937
253,Karlik,Labdon,klabdon70@fc2.com,Male,67.217.191.59,08/07/1987
254,Janifer,Vittel,jvittel71@instagram.com,Female,49.74.105.169,17/11/2002
255,Aldrich,Voller,avoller72@cam.ac.uk,Male,73.235.97.66,14/10/1974
256,Gretel,Jados,gjados73@unblog.fr,Female,17.8.245.156,20/01/1975
257,Currie,Verchambre,cverchambre74@indiegogo.com,Male,62.172.197.101,14/01/1939
258,Candida,Bendin,cbendin75@berkeley.edu,Female,21.71.66.214,30/11/1986
259,Jehu,Gillbey,jgillbey76@techcrunch.com,Male,154.6.219.251,13/10/1945
260,Thekla,Haverson,thaverson77@gov.uk,Female,94.234.176.103,14/04/1940
261,Aurelie,Burness,aburness78@ustream.tv,Female,88.100.76.187,21/07/1985
262,Margaretta,Howle,mhowle79@diigo.com,Female,110.128.203.170,04/11/1970
263,Joya,Shelliday,jshelliday7a@ed.gov,Female,243.10.229.177,20/09/1968
264,Clari,Greave,cgreave7b@guardian.co.uk,Female,35.108.93.190,19/05/1968
265,Tannie,Pellamont,tpellamont7c@msn.com,Male,204.155.52.102,14/03/2001
266,Milissent,Revelle,mrevelle7d@amazonaws.com,Female,248.76.72.175,30/12/1968
267,Deane,Roser,droser7e@wikispaces.com,Male,72.88.117.3,17/06/1955
268,Arlen,Duck,aduck7f@theglobeandmail.com,Female,44.50.87.36,01/02/1935
269,Shannon,Pettersen,spettersen7g@cdbaby.com,Male,13.130.70.20,17/04/1956
270,Dewitt,Maylard,dmaylard7h@nytimes.com,Male,14.90.61.137,06/04/1993
271,Davon,Fraczek,dfraczek7i@redcross.org,Male,99.50.237.134,25/02/1931
272,Alain,Kippie,akippie7j@usa.gov,Male,151.177.53.102,12/03/1961
273,Joceline,Leggate,jleggate7k@topsy.com,Female,74.130.250.148,23/03/1996
274,Hilly,Rosencwaig,hrosencwaig7l@miibeian.gov.cn,Male,20.64.208.246,25/02/1986
275,Al,Colby,acolby7m@yellowbook.com,Male,57.35.214.143,16/03/1933
276,Nels,Beaulieu,nbeaulieu7n@webeden.co.uk,Male,139.162.33.155,27/04/1931
277,Kathlin,Obey,kobey7o@sciencedaily.com,Female,43.131.217.157,20/09/1986
278,Humphrey,Inns,hinns7p@china.com.cn,Male,169.221.10.221,24/03/1943
279,Karen,Clymer,kclymer7q@va.gov,Female,44.181.185.245,10/01/1967
280,Aubrette,Danelut,adanelut7r@bloglovin.com,Female,97.223.240.119,07/01/1939
281,Carolann,Gravells,cgravells7s@army.mil,Female,136.226.41.37,24/04/1991
282,Laetitia,Wrinch,lwrinch7t@npr.org,Female,28.7.83.49,11/06/1992
283,Aube,Tripcony,atripcony7u@accuweather.com,Male,114.190.44.34,09/11/1986
284,Marlyn,Purvey,mpurvey7v@usgs.gov,Female,104.20.206.117,09/07/1942
285,Kathi,Shepherdson,kshepherdson7w@e-recht24.de,Female,28.2.164.51,27/10/1996
286,Cordi,Shorie,cshorie7x@ocn.ne.jp,Female,181.93.85.238,22/01/1943
287,Vito,Seymark,vseymark7y@ed.gov,Male,172.67.100.177,29/07/1946
288,Miof mela,Allix,mallix7z@marriott.com,Female,127.200.118.177,12/04/1944
289,Julian,Parsonson,jparsonson80@msn.com,Male,8.221.200.0,30/06/1996
290,Danna,Mattiuzzi,dmattiuzzi81@canalblog.com,Female,11.3.18.127,22/08/1970
291,Vail,Sowrah,vsowrah82@addtoany.com,Male,246.115.24.18,13/02/1979
292,Nero,Wozencraft,nwozencraft83@google.ru,Male,206.224.14.145,15/06/1973
293,Burr,Sprigging,bsprigging84@wikipedia.org,Male,144.51.14.2,01/06/1952
294,Kathlin,Stroulger,kstroulger85@wired.com,Female,12.64.125.75,11/07/1937
295,Jermaine,Pouck,jpouck86@scribd.com,Male,252.79.170.128,26/09/1961
296,Esma,Deem,edeem87@histats.com,Female,136.210.128.78,15/09/1957
297,Lannie,Kindon,lkindon88@fotki.com,Male,216.257.82.213,02/12/1983
298,Mariann,Gambe11,mgambell89@earthlink.net,Female,77.205.66.151,06/02/1999
299,Lainey,McEntegart,lmcentegart8a@java.com,Female,172.230.194.109,24/05/1985
300,Laural,Gianinotti,lgianinotti8b@nature.com,Female,18.174.21.33,27/05/1984
301,Ludovico,Dreossi,ldreossi8c@yellowpages.com,Male,194.19.166.68,01/06/1933
302,Velvet,Sibery,vsibery8d@cbc.ca,Female,2.61.171.92,02/12/1940
303,Adolphe,Ugoletti,augoletti8e@virginia.edu,Male,167.12.11.230,28/02/1983
304,Granny,Presnall,gpresnall8f@springer.com,Male,14.254.173.185,13/07/1947
305,Tadeas,Kemball,tkemball8g@squidoo.com,Male,73.1.193.247,25/08/1969
306,Rochester,Chevin,rchevin8h@pbs.org,Male,237.31.120.55,13/08/1945
307,Maribel,Brea,mbrea8i@google.com,Female,211.182.141.191,29/09/1961
308,Rob,Geal,rgeal8j@ihg.com,Male,108.171.39.230,26/07/2004
309,Margarette,Vango,mvango8k@mlb.com,Female,111.21.148.121,02/05/1943
310,Alfie,Fairlem,afairlem8l@sciencedaily.com,Male,57.77.177.243,22/03/1947
311,Liva,Nielson,lnielson8m@hatena.ne.jp,Female,120.68.231.61,25/10/1987
312,Sky,Whitehead,swhitehead8n@dagondesign.com,Male,183.104.158.226,18/02/1967
313,Budd,Wesson,bwesson8o@kickstarter.com,Male,114.199.133.42,01/02/1949
314,Dannye,Venditto,dvenditto8p@utexas.edu,Female,114.123.59.135,23/07/2002
315,Jacquette,Tellenbroker,jtellenbroker8q@mapquest.com,Female,161.64.135.69,18/08/1986
316,Peyton,Bassano,pbassano8r@howstuffworks.com,Male,0.126.246.194,04/06/1989
317,Gifford,Pavier,gpavier8s@latimes.com,Male,11.9.129.71,27/01/2000
318,Beniamino,Rounsivall,brounsivall8t@ft.com,Male,180.77.41.208,22/10/1958
319,Julissa,Gatty,jgatty8u@hubpages.com,Female,109.80.188.73,07/10/2000
320,Cindee,Mattessen,cmattessen8v@prnewswire.com,Female,148.162.19.32,08/12/2000
321,Oona,Galiford,ogaliford8w@example.com,Female,246.226.188.40,29/11/1990
322,Morgen,O'Dare,modare8x@intel.com,Male,164.58.62.177,19/02/1964
323,Sabrina,Rogans,srogans8y@latimes.com,Female,150.24.180.36,14/02/1984
324,Melly,Tesoe,mtesoe8z@wikispaces.com,Female,211.133.117.138,10/10/1959
325,Martin,Meigh,mmeigh90@ow.ly,Male,102.200.170.124,23/11/1995
326,Josias,Bowshire,jbowshire91@comcast.net,Male,168.195.81.122,24/10/1995
327,Bar,Thirlaway,bthirlaway92@chicagotribune.com,Male,40.34.99.40,29/10/1951
328,Christophe,Timmis,ctimmis93@ow.ly,Male,144.166.127.211,15/09/2004
329,Leonelle,Belford,lbelford94@go.com,Female,153.98.209.35,30/09/2005
330,Vikky,Probert,vprobert95@wsj.com,Female,198.50.11.45,10/12/1948
331,Jaquelin,Bigrigg,jbigrigg96@sfgate.com,Female,72.20.180.219,01/08/2005
332,Toby,Houlridge,thoulridge97@360.cn,Male,128.254.6.77,06/10/1945
333,Jecho,Sparrowe,jsparrowe98@uiuc.edu,Male,225.12.120.24,10/04/1995
334,Avram,Hawken,ahawken99@cam.ac.uk,Male,238.11.196.69,10/11/1985
335,Ines,Rexworthy,irexworthy9a@ft.com,Female,221.28.142.84,20/09/2005
336,Burl,Lathwell,blathwell9b@histats.com,Male,129.228.211.5,09/04/1967
337,Vale,Petrecz,vpetrecz9c@cargocollective.com,Female,97.252.219.211,04/11/1990
338,Pearl,Pierse,ppierse9d@51.la,Female,141.205.226.234,26/06/1992
339,Thatch,Igounet,tigounet9e@cnbc.com,Male,139.248.33.242,28/05/1985
340,Orly,Abdey,oabdey9f@about.me,Female,154.41.19.43,06/07/1955
341,Noel,Leaburn,nleaburn9g@shinystat.com,Male,21.202.118.189,02/01/1942
342,Trumaine,Ezzell,tezzell9h@ebay.co.uk,Male,106.241.66.89,20/06/1987
343,Dulci,Pickavance,dpickavance9i@barnesandnoble.com,Female,125.65.195.121,25/06/1944
344,Petronia,Adame,padame9j@bbc.co.uk,Female,19.48.180.112,21/05/1986
345,Josephine,Stickland,jstickland9k@hatena.ne.jp,Female,221.56.36.5,27/07/1993
346,Ervin,Kroger,ekroger9l@typepad.com,Male,119.120.189.244,
347,Eadith,Call,ecall9m@deliciousdays.com,1,3.46.15.157,22/06/2003
348,Dolf,Station,dstation9n@baidu.com,Male,145.58.221.200,05/08/1959
349,Kit,Mongenot,kmongenot9o@vk.com,Female,51.176.98.142,31/12/1962
350,Jakob,Kelcey,jkelcey9p@boston.com,Male,152.44.168.30,23/05/1950
351,Aloysia,Streeton,astreeton9q@hugedomains.com,Female,10.0.116.103,31/08/1976
352,Edik,Dark,edark9r@msu.edu,Male,57.129.117.166,04/01/1962
353,Carlyle,Portt,cportt9s@about.me,Male,196.65.44.249,28/09/1953
354,Maxy,Skilbeck,mskilbeck9t@friendfeed.com,1,241.81.36.194,03/04/1960
355,Happy,Widger,hwidger9u@imageshack.us,Female,75.166.72.4,15/09/1954
356,Johannes,Pearn,jpearn9v@ucla.edu,Male,230.46.128.234,20/02/1984
357,Gwendolen,Chitson,gchitson9w@spiegel.de,Female,84.116.232.113,28/05/1943
358,Clerc,Quakley,cquakley9x@furl.net,Male,61.60.199.204,28/09/1952
359,Quillan,Littleproud,qlittleproud9y@constantcontact.com,Male,140.139.100.6,26/05/1930
360,Falkner,Seys,fseys9z@ox.ac.uk,Male,63.76.202.33,08/01/1954
361,Timothea,Bover,tbovera0@list-manage.com,Female,108.94.194.139,02/11/1997
362,Norby,Petrina,npetrinaa1@dyndns.org,Male,50.129.207.125,07/04/1981
363,Dell,Pierucci,dpieruccia2@marriott.com,Male,198.182.121.46,13/07/2000
364,Manny,Faldo,mfaldoa3@nymag.com,Male,76.146.26.8,02/08/1933
365,Anabel,Reignard,areignarda4@wunderground.com,Female,132.57.100.30,04/01/1996
366,Artus,Gadsdon,agadsdona5@google.com.br,Male,203.161.162.220,18/08/1972
367,Elspeth,Gammet,egammeta6@state.gov,Female,10.100.130.87,30/04/1967
368,Shadow,MacNeish,smacneisha7@ca.gov,Male,17.149.189.210,08/02/1941
369,Rosette,Ollander,rollandera8@privacy.gov.au,Female,232.53.223.7,26/05/1980
370,Ashby,Lingfoot,alingfoota9@cloudflare.com,Male,167.242.94.6,11/07/1972
371,Amil,Matchett,amatchettaa@google.cn,Female,191.79.178.96,04/07/1959
372,Shannah,Calterone,scalteroneab@patch.com,Female,102.226.8.58,13/11/1972
373,Neda,Woolens,nwoolensac@hibu.com,Female,43.19.243.191,22/10/1930
374,Kathrine,Ashurst,kashurstad@cnn.com,Female,222.104.167.178,21/06/1945
375,Cristin,Dacre,cdacreae@quantcast.com,Female,38.42.109.153,09/02/1967
376,Malvina,Falconer-Taylor,mfalconertayloraf@chicagotribune.com,Female,22.216.158.248,25/11/1987
377,Didi,Comer,dcomerag@huffingtonpost.com,Female,121.69.186.34,07/11/1974
378,Friedrich,Thurley,fthurleyah@va.gov,Male,49.39.182.4,09/05/1993
379,Anitra,Course,acourseai@ox.ac.uk,Female,217.219.243.138,05/12/1982
380,Shara,Hustler,shustleraj@patch.com,Female,82.181.132.51,02/12/1988
381,Shae,Rizzelli,srizzelliak@wired.com,Female,106.236.184.63,14/03/1968
382,Uriah,Wolfendale,uwolfendaleal@dmoz.org,Male,217.82.253.20,16/02/1991
383,Willis,Rabidge,wrabidgeam@sohu.com,Male,26.36.131.250,07/08/1945
384,Ignace,Tonge,itongean@dropbox.com,Male,43.63.95.244,03/06/1969
385,Oby,Eckery,oeckeryao@npr.org,Male,107.174.151.247,11/10/1998
386,Derrik,Dionisi,ddionisiap@sitemeter.com,Male,92.57.58.56,30/11/1953
387,Arabel,Sutch,asutchaq@wp.com,Female,57.120.3.68,23/06/1947
388,Modestine,Entwisle,mentwislear@marketwatch.com,Female,165.42.44.122,19/07/1932
389,Jedidiah,Siddon,jsiddonas@ted.com,Male,193.158.108.173,08/07/1937
390,Margo,Kimberley,mkimberleyat@sakura.ne.jp,Female,75.226.90.52,28/03/1936
391,Wren,Treace,wtreaceau@goodreads.com,Female,67.17.123.97,01/12/1931
392,Jania,Olivella,jolivellaav@sina.com.cn,Female,133.13.225.64,13/07/1949
393,Vanna,Hoggan,vhogganaw@newyorker.com,Female,182.140.42.153,27/09/1935
394,Paton,Furnell,pfurnellax@blogger.com,Male,102.120.6.253,20/10/1982
395,Devina,Breslin,dbreslinay@freewebs.com,Female,128.215.105.216,31/10/1972
396,Delmore,Galbreth,dgalbrethaz@joomla.org,Male,92.23.159.182,24/09/2005
397,Justino,Leyzell,jleyzellb0@tuttocitta.it,Male,139.190.55.118,07/01/1960
398,Humphrey,Dawks,hdawksb1@state.gov,Male,107.160.40.77,18/02/1991
399,Sterling,Duplain,sduplainb2@earthlink.net,Male,133.72.170.241,29/08/1974
400,Chaddie,Roseblade,crosebladeb3@mapy.cz,Male,70.179.21.28,25/03/1943
401,Aubrie,Anwyl,,Female,24.162.204.146,23/11/1968
402,Juanita,Trace,jtraceb5@mediafire.com,fem ,125.174.177.143,10/10/1991
403,Gnni,Farden,gfardenb6@sourceforge.net,Female,85.0.120.235,09/11/1989
404,Thaine,Panswick,tpanswickb7@dedecms.com,Male,142.223.47.13,05/04/1991
405,Christian,Wholesworth,cwholesworthb8@businesswire.com,Female,161.148.58.40,14/12/1975
406,Ragnar,Norval,rnorvalb9@ox.ac.uk,Male,67.141.131.135,16/06/1935
407,Julieta,Grisenthwaite,jgrisenthwaiteba@google.it,Female,4.201.81.73,03/07/1979
408,Westley,MacAiline,wmacailinebb@unesco.org,Male,122.52.202.159,24/12/1938
409,Ky,Davidowsky,kdavidowskybc@reddit.com,Male,247.91.242.254,20/02/1955
410,Aharon,Biernacki,,Male,43.59.184.131,28/05/1951
411,Nelly,Elbourn,nelbournbe@nytimes.com,Female,229.211.168.106,04/05/1997
412,Alasteir,Fritzer,afritzerbf@nps.gov,Male,196.216.56.254,30/05/1951
413,Stan,Rankling,sranklingbg@columbia.edu,Male,199.171.176.7,16/11/1981
414,Luigi,Dowdall,ldowdallbh@google.com.hk,Male,4.189.176.59,21/04/1985
415,Adham,Powner,apownerbi@ebay.co.uk,Male,14.189.150.7,05/02/2004
416,Chuck,Douche,cdouchebj@unesco.org,Male,117.67.24.162,20/01/1932
417,Alaine,Boor,aboorbk@yelp.com,Female,55.86.190.136,07/04/1991
418,Gerry,Bunclark,gbunclarkbl@va.gov,Male,32.136.45.214,15/09/1987
419,Brittani,Golby,bgolbybm@baidu.com,Female,111.102.108.64,01/03/1969
420,Galven,Pentlow,gpentlowbn@gnu.org,Male,164.126.231.96,04/10/1965
421,Philippa,Coghlan,pcoghlanbo@whitehouse.gov,Female,107.179.224.192,21/07/1937
422,Edwin,Burnside,eburnsidebp@sakura.ne.jp,Male,121.11.3.42,19/05/1967
423,andonis,cappel,acappelbq@163.com,male,247.108.120.142,19/01/1955
424,Silvia,Lody,slodybr@pinterest.com,Female,111.42.4.18,01/01/1941
425,Julia,Nickless,jnicklessbs@uiuc.edu,Female,211.155.126.227,19/07/1994
426,Dyane,Georgelin,dgeorgelinbt@google.nl,Female,244.49.96.95,28/03/1987
427,Hill,Revans,hrevansbu@craigslist.org,Male,60.242.247.42,08/05/1985
428,Neala,Hayworth,nhayworthbv@comsenz.com,Female,103.22.241.155,17/04/1989
429,Minnie,Dredge,mdredgebw@walmart.com,Female,127.8.83.147,18/08/1962
430,Lianna,Belhome,lbelhomebx@free.fr,Female,31.8.111.232,13/02/1941
431,Drona,Heartfield,dheartfieldby@yellowpages.com,Female,237.37.56.157,21/07/1949
432,Dyann,Bothie,dbothiebz@usatoday.com,Female,248.151.25.63,07/08/1962
433,Tilda,Wetherill,twetherillc0@feedburner.com,Female,189.48.61.175,21/12/1982
434,Fred,Sheen,fsheenc1@engadget.com,Male,228.214.170.116,04/08/1978
435,Hastings,Boraston,hborastonc2@bbb.org,Male,245.222.5.177,06/04/1933
436,Simona,Yegoshin,syegoshinc3@ucsd.edu,Female,210.208.223.242,06/02/1998
437,Cordie,Gabrieli,cgabrielic4@nymag.com,Female,72.53.35.90,17/10/1995
438,Willie,Murty,wmurtyc5@hud.gov,Male,151.86.242.189,20/01/1959
439,Deny,Sexstone,dsexstonec6@chronoengine.com,Female,53.10.69.22,23/07/1984
440,Michel,Grinyakin,mgrinyakinc7@naver.com,Male,224.6.195.221,04/10/1997
441,Delly,Gomby,dgombyc8@ameblo.jp,Female,97.84.170.215,20/01/1940
442,Teador,Ingraham,tingrahamc9@umich.edu,Male,49.115.85.108,19/03/1984
443,Garfield,Burtt,gburttca@bluehost.com,Male,171.3.55.178,04/04/1997
444,Billye,Wortman,bwortmancb@aol.com,Female,153.177.159.68,03/09/1977
445,Michaelina,Robardet,mrobardetcc@tinyurl.com,Female,154.148.113.17,15/05/1946
446,Edgard,Conaghan,econaghancd@webeden.co.uk,Male,57.45.65.16,25/10/1987
447,Kacie,Waggett,kwaggettce@washington.edu,Female,77.31.229.139,08/06/1942
448,Gualterio,Canty,gcantycf@army.mil,Male,163.23.124.146,05/01/1936
449,Husain,Tire,htirecg@geocities.jp,Male,94.151.224.255,22/01/1931
450,Tedra,Luker,tlukerch@chicagotribune.com,Female,95.254.172.34,05/07/1998
451,El,Romain,eromainci@bluehost.com,Male,3.103.138.49,
452,Dorolice,Firminger,dfirmingercj@who.int,Female,72.28.86.146,12/06/1987
453,Kandace,Androsik,kandrosikck@smugmug.com,Female,9.111.94.8,11/06/1961
454,Tabby,Bullant,tbullantcl@amazon.com,Male,24.131.54.85,17/05/1990
455,Fidelio,Ghilardi,fghilardicm@free.fr,Male,43.185.110.130,19/01/1964
456,Yvette,O'Cannan,yocannancn@google.de,Female,88.164.240.212,16/12/1950
457,Loren,Standrin,lstandrinco@howstuffworks.com,Male,212.126.153.213,28/12/1965
458,Barton,McGray,bmcgraycp@mlb.com,Male,167.164.100.128,15/11/1987
459,Matteo,Leake,mleakecq@cocolog-nifty.com,Male,45.222.165.80,19/03/1975
460,Jobye,Vernazza,jvernazzacr@t-online.de,Female,77.56.65.97,17/12/1967
461,Enoch,Sigge,esiggecs@ameblo.jp,Male,67.196.245.23,21/07/1973
462,Deeanne,Enriques,denriquesct@loc.gov,Female,185.88.154.128,05/02/1945
463,Mikol,Fosserd,mfosserdcu@elegantthemes.com,Male,249.232.169.125,29/10/1952
464,Tildi,Daykin,tdaykincv@washingtonpost.com,Female,121.84.115.9,02/02/1966
465,Rozanna,Hambrook,rhambrookcw@economist.com,Female,110.223.70.167,31/05/1937
466,Dennie,Giacobo,dgiacobocx@economist.com,Male,28.119.237.27,11/06/1988
467,Farly,Maddison,fmaddisoncy@studiopress.com,Male,152.213.76.69,20/06/1943
468,Corinna,Rivaland,crivalandcz@acquirethisname.com,Female,231.249.162.115,17/02/1931
469,Fulvia,Greeding,fgreedingd0@wp.com,Female,101.124.196.118,26/11/1989
470,Lonnie,Gosnoll,lgosnolld1@mapy.cz,Male,237.214.13.76,02/07/1967
471,Kaela,McKernan,kmckernand2@cdc.gov,Female,84.193.34.31,02/01/1948
472,Alphard,Brunnen,abrunnend3@techcrunch.com,Male,31.29.54.252,16/12/1940
473,Bradly,Oats,boatsd4@apple.com,Male,213.1.173.113,06/05/1933
474,Rossy,Jansey,rjanseyd5@sun.com,Male,8.166.179.76,16/03/1995
475,Joyous,Derell,jderelld6@tripod.com,Female,153.107.231.167,07/05/1954
476,Ulrica,Duchatel,uduchateld7@columbia.edu,Female,247.144.115.78,28/10/1965
477,Kalle,Sarney,ksarneyd8@nba.com,Male,239.48.98.59,23/12/1968
478,Rayna,Egdale,regdaled9@seattletimes.com,Female,224.253.4.253,16/09/1979
479,Eleonora,Shewen,eshewenda@usatoday.com,Female,143.178.15.11,26/12/2003
480,Patricia,Edgcombe,pedgcombedb@elpais.com,Female,159.132.169.116,07/06/1971
481,Gualterio,Thieme,gthiemedc@pinterest.com,Male,204.112.179.112,21/06/1983
482,1ain,Freeth,ifreethdd@artisteer.com,Male,162.225.238.5,03/10/1935
483,Alexandros,Eyckel,aeyckelde@guardian.co.uk,Male,87.45.4.7,14/08/1931
484,Annelise,Camoletto,acamolettodf@wordpress.com,Female,171.116.161.240,24/06/1963
485,Tomasina,Milsted,tmilsteddg@cdc.gov,Female,182.222.174.252,29/11/1981
486,Klement,Dominiak,kdominiakdh@jugem.jp,Male,49.44.40.26,27/09/1997
487,Jobey,Pirelli,jpirellidi@amazon.com,Female,146.187.129.30,03/06/1999
488,Vanya,Dumphry,vdumphrydj@live.com,Male,96.178.33.47,27/08/1955
489,Ignaz,Meric,imericdk@sina.com.cn,Male,101.135.143.255,10/02/1932
490,Townsend,Lapidus,tlapidusdl@tripod.com,Male,65.53.160.42,16/08/1974
491,Clevey,Podd,cpodddm@blogs.com,Male,248.81.103.218,22/03/1993
492,Emelita,Curnokk,ecurnokkdn@aol.com,Female,176.5.159.169,11/01/1962
493,Daven,Garvill,dgarvilldo@google.co.uk,Male,50.174.21.172,08/03/1971
494,Gherardo,Pechard,gpecharddp@sina.com.cn,Male,99.208.114.147,19/01/1956
495,Marie-ann,Dubery,mduberydq@webmd.com,Female,224.36.76.135,07/07/2003
496,Ulises,Hartzenberg,uhartzenbergdr@army.mil,Male,3.79.96.238,14/05/1932
497,Augustine,Girardetti,agirardettids@amazon.com,Male,197.16.131.252,28/05/1969
498,Cozmo,Brookzie,cbrookziedt@npr.org,Male,206.106.194.93,02/11/1930
499,Aleda,Mineghelli,amineghellidu@mashable.com,Female,166.0.196.100,01/11/2005
500,Glad,Haldon,ghaldondv@fda.gov,Female,16.246.213.20,03/09/1956
501,Jacenta,Shephard,jshepharddw@buzzfeed.com,Female,107.157.243.58,25/03/1969
502,Maryann,Ralling,mrallingdx@zdnet.com,Female,50.21.235.216,06/06/1997
503,Kilian,Allender,kallenderdy@google.it,Male,73.166.207.227,09/10/1978
504,Hall,Oram,horamdz@mapy.cz,Male,12.46.88.38,16/12/1998
505,Ryley,Marques,rmarquese0@newyorker.com,Male,54.83.182.167,12/03/1999
506,Tate,Stairs,tstairse1@usa.gov,Female,157.169.216.176,21/12/1966
507,Hurlee,McLaverty,hmclavertye2@epa.gov,Male,209.225.189.228,19/01/1946
508,Martelle,Puttan,mputtane3@dailymail.co.uk,Female,156.191.181.48,04/08/1979
509,Ruddy,Cadany,rcadanye4@hatena.ne.jp,,220.71.175.67,31/05/1973
510,Thacher,Pinson,tpinsone5@technorati.com,Male,122.191.246.5,24/02/1939
511,Nessi,Blatchford,nblatchforde6@independent.co.uk,Female,23.246.94.120,06/07/1987
512,Aleta,Stoodale,astoodalee7@live.com,Female,205.97.176.29,05/08/1930
513,Jules,Cankett,jcankette8@examiner.com,Male,183.237.120.209,01/03/1973
514,Colman,Forlong,cforlonge9@live.com,Male,53.6.136.200,05/02/2001
515,Bartholomeus,Borley,bborleyea@ibm.com,Male,212.156.61.0,18/11/1988
516,Cristionna,Jacquemard,cjacquemardeb@hp.com,Female,132.46.73.0,18/07/2003
517,Colas,Ganforth,cganforthec@facebook.com,Male,15.198.116.181,22/10/1974
518,Prent,Geelan,pgeelaned@cyberchimps.com,Male,149.174.62.184,08/09/1969
519,Aleksandr,Vogel,avogelee@youtube.com,Male,14.6.56.249,11/02/1993
520,Emilia,Huncoot,ehuncootef@biglobe.ne.jp,Female,193.119.56.247,24/11/1978
521,Delano,Kirstein,dkirsteineg@merriam-webster.com,2,20.244.21.127,04/05/1990
522,Mersey,Rubertis,mrubertiseh@stanford.edu,Female,10.239.146.100,28/04/1976
523,Meggie,Leggott,mleggottei@china.com.cn,Female,195.231.90.58,16/05/1882
524,Madelyn,Dyzart,mdyzartej@gravatar.com,Female,187.217.241.55,17/02/1986
525,Pamelina,Antonov,pantonovek@mail.ru,Female,147.26.214.29,05/04/2004
526,Pattie,Cowing,pcowingel@typepad.com,Male,151.116.64.227,06/12/1998
527,Ali,Kleinhandler,akleinhandlerem@smugmug.com,Male,27.41.41.6,22/09/1972
528,Viole,Benyon,vbenyonen@oaic.gov.au,Female,27.40.251.24,14/04/1931
529,Bettye,Perkinson,bperkinsoneo@altervista.org,Female,114.201.243.205,25/12/1997
530,Harland,Rainard,hrainardep@epa.gov,Male,84.111.103.54,06/09/1933
531,Vite,Erickson,vericksoneq@tuttocitta.it,Male,38.52.61.97,21/02/1955
532,Crin,Gegg,cgegger@nytimes.com,Female,241.62.197.131,21/02/1955
533,Meggie,Tonner,mtonneres@cdbaby.com,Female,160.141.127.179,27/04/1937
534,Robbie,Hairsine,rhairsineet@livejournal.com,Male,222.51.143.138,17/11/1976
535,Eadie,Roadknight,eroadknighteu@theguardian.com,Female,176.52.142.4,26/05/1988
536,Florry,Brettelle,fbrettelleev@marketwatch.com,Female,147.199.193.203,22/06/1962
537,Jori,Smither,jsmitherew@dyndns.org,Female,187.18.133.163,22/08/1996
538,Lawrence,Kilgrew,lkilgrewex@clickbank.net,Male,206.39.33.167,02/08/1952
539,Ximenez,Breeton,xbreetoney@furl.net,Male,160.67.106.244,01/01/1969
540,Gretna,Haywood,ghaywoodez@census.gov,Female,250.225.201.2,03/03/1954
541,Tripp,Kynston,tkynstonf0@jimdo.com,Male,47.80.201.38,17/07/1999
542,Jasmina,Southern,jsouthernf1@arizona.edu,Female,51.82.19.97,15/10/1944
543,Godart,Rowledge,growledgef2@globo.com,Male,190.184.133.96,19/05/1990
544,Annalise,Andrejs,,Female,167.179.235.108,18/01/1964
545,Rollie,Burchatt,rburchattf4@oaic.gov.au,Male,243.101.142.36,27/09/1970
546,Enrico,Broggini,ebrogginif5@theguardian.com,Male,205.76.68.190,21/05/1932
547,Sabine,Skaid,sskaidf6@canalblog.com,Female,105.87.250.115,15/10/1963
548,Kessia,Callow,kcallowf7@google.pl,Female,42.10.147.254,18/01/1994
549,Roanna,Plott,rplottf8@over-blog.com,Female,205.181.168.32,20/01/1930
550,Daryle,Gilluley,dgilluleyf9@shutterfly.com,Male,78.165.100.167,30/04/1957
551,Domeniga,Codlin,dcodlinfa@google.ru,Female,61.150.192.160,16/09/1958
552,Theodoric,Dimitru,tdimitrufb@pcworld.com,Male,44.117.254.160,10/04/1995
553,Christoforo,Bison,cbisonfc@dedecms.com,Male,236.38.8.212,24/09/1999
554,0wen,Blaisdale,cblaisdalefd@businesswire.com,Male,73.91.182.101,17/09/1997
555,Mordecai,Tortice,mtorticefe@hc360.com,Male,65.183.38.154,22/10/1950
556,Kathie,Staker,kstakerff@usa.gov,Female,64.139.240.151,01/11/1990
557,Korrie,Jellett,kjellettfg@virginia.edu,Female,64.138.20.110,13/11/1982
558,Valma,Pudsey,vpudseyfh@nymag.com,Female,253.213.74.12,04/01/1962
559,Hamlen,Sydes,hsydesfi@telegraph.co.uk,Male,186.42.108.143,01/12/1974
560,Gena,Grundell,ggrundellfj@naver.com,Female,238.152.116.70,04/08/1937
561,Jobie,Leechman,jleechmanfk@desdev.cn,Female,221.47.192.187,20/04/1962
562,Portie,Headrick,pheadrickfl@domainmarket.com,Male,128.60.237.185,13/04/2003
563,Dorrie,Brydell,dbrydellfm@bizjournals.com,Female,62.28.79.89,25/02/1999
564,Lannie,Blaxton,lblaxtonfn@answers.com,Male,87.170.133.21,04/05/1983
565,Arch,Maxweell,amaxweellfo@w3.org,Male,240.79.230.4,09/11/1983
566,Susanne,Romanelli,sromanellifp@bbc.co.uk,Female,54.135.240.61,27/08/1941
567,Tildie,Rollingson,trollingsonfq@apache.org,Female,86.161.22.11,18/05/1963
568,Cissy,Hembry,chembryfr@geocities.com,Female,88.46.42.71,20/08/1948
569,Brucie,Hinzer,bhinzerfs@devhub.com,Male,197.232.241.214,14/07/1957
570,Iolande,Waldron,iwaldronft@myspace.com,Female,177.4.191.243,28/10/1947
571,Claudina,Tanfield,ctanfieldfu@statcounter.com,Female,12.102.84.158,02/01/1979
572,Shannan,Wilkin,swilkinfv@over-blog.com,Male,127.204.70.171,20/04/1958
573,Emiline,Hember,ehemberfw@pagesperso-orange.fr,Female,229.55.94.203,14/08/1969
574,Kally,Bourrel,kbourrelfx@twitter.com,Female,95.19.203.107,02/11/1959
575,Wake,Breagan,wbreaganfy@buzzfeed.com,Male,5.221.130.43,17/10/1934
576,Taylor,Straine,tstrainefz@loc.gov,Male,54.71.199.81,13/09/1983
577,Price,MacKintosh,pmackintoshg0@google.es,Male,226.171.33.221,12/05/1970
578,Ozzy,Janikowski,ojanikowskig1@latimes.com,Male,169.198.77.150,30/11/1978
579,Adrienne,Andrelli,,Female,190.217.8.68,11/09/1965
580,Tull,Float,tfloatg3@slate.com,Male,8.6.42.103,12/11/1969
581,Reggy,Francescozzi,rfrancescozzig4@dagondesign.com,Male,226.79.109.59,06/09/1944
582,Riordan,Warrick,rwarrickg5@cnbc.com,Male,100.33.211.55,21/12/1991
583,Rodolfo,Pond,rpondg6@amazon.de,Male,156.197.154.26,17/11/2005
584,Derry,Dragoe,ddragoeg7@jigsy.com,Male,18.112.130.155,03/08/1967
585,Wilow,Vardie,wvardieg8@reverbnation.com,Female,180.4.33.60,10/12/1990
586,Birgitta,Trangmar,btrangmarg9@craigslist.org,f ,89.110.3.214,23/05/1972
587,Ephrem,Bardill,ebardillga@ovh.net,Male,137.251.83.233,20/08/1952
588,Ronnie,Leverett,rleverettgb@webnode.com,Female,160.112.219.206,24/09/1989
589,Mateo,Khan,mkhangc@unicef.org,Male,14.234.152.38,26/07/1952
590,Aurthur,Irons,aironsgd@bandcamp.com,Male,224.21.82.67,20/01/1939
591,Harli,Lambrecht,hlambrechtge@soundcloud.com,Female,99.152.240.77,19/10/1960
592,Huberto,Garside,hgarsidegf@google.com.br,Male,37.80.211.11,20/07/1979
593,Alfons,Bockler,,Male,246.245.128.114,17/02/1999
594,Aurlie,Lightbourne,alightbournegh@devhub.com,Female,39.1.166.16,17/01/1959
595,Ikey,MacNeely,imacneelygi@lycos.com,Male,72.137.234.185,23/02/1936
596,Herbie,Cogle,hcoglegj@wix.com,Male,245.230.122.237,04/04/2005
597,Ross,Giovannilli,rgiovannilligk@discuz.net,Male,163.234.113.52,28/04/1958
598,Patrice,Paraman,pparamangl@dell.com,Male,180.56.212.166,28/10/1993
599,Jany,Reynoldson,jreynoldsongm@ameblo.jp,Female,146.33.68.187,06/03/1985
600,Nilson,Makiver,nmakivergn@opensource.org,Male,255.64.69.124,12/12/1961
601,Brook,Morville,bmorvillego@surveymonkey.com,Male,250.34.223.234,23/11/1986
602,Roma,Wynett,rwynettgp@fotki.com,Male,7.235.96.130,15/05/1975
603,Nara,Rorke,nrorkegq@photobucket.com,Female,47.227.156.44,31/12/1961
604,Alysia,Hilland,ahillandgr@digg.com,Female,200.151.251.91,09/08/1983
605,Valera,Carvilla,vcarvillags@devhub.com,Female,24.245.148.39,25/10/1949
606,Sissy,Seers,sseersgt@ebay.com,Female,120.213.175.106,22/01/1999
607,Bard,Pifford,bpiffordgu@reference.com,Male,243.210.102.14,27/07/1990
608,Talbert,Diver,tdivergv@prweb.com,Male,102.24.1.231,03/07/1990
609,Nevile,Rochford,nrochfordgw@jiathis.com,Male,240.230.102.80,12/10/1932
610,Jerrold,Kilminster,jkilminstergx@upenn.edu,Male,76.61.9.200,17/02/1958
611,Lorant,Wehden,lwehdengy@time.com,Male,227.2.188.47,17/10/2004
612,Alida,Schutter,aschuttergz@newsvine.com,Female,206.197.148.20,11/09/1933
613,Anne-marie,Cappleman,acapplemanh0@whitehouse.gov,Female,27.123.50.48,06/07/2004
614,Marga,Skingley,mskingleyh1@shareasale.com,Female,160.72.108.209,17/12/1947
615,Teirtza,Plaunch,tplaunchh2@cbc.ca,Female,176.183.40.94,20/03/1980
616,Beatrisa,Howard,bhowardh3@oaic.gov.au,Female,43.112.118.186,23/11/1993
617,Pauly,Pretswell,ppretswellh4@phpbb.com,Female,96.234.121.204,06/06/1978
618,Andras,Lille,alilleh5@tamu.edu,Male,137.127.215.213,18/12/1976
619,Remy,Frier,rfrierh6@vinaora.com,Female,9.60.106.167,29/08/2001
620,Pietra,Hamblen,phamblenh7@bigcartel.com,Female,235.238.86.34,21/05/1932
621,Perri,Bear,pbearh8@gizmodo.com,Female,147.12.51.99,17/09/1981
622,Clevie,Morson,cmorsonh9@ihg.com,Male,216.198.192.179,10/12/1983
623,Emelen,Christofides,echristofidesha@ox.ac.uk,Male,210.153.29.225,13/10/1995
624,Thomasa,Bust,tbusthb@ovh.net,Female,208.86.83.154,01/07/1986
625,Micky,Mordanti,mmordantihc@domainmarket.com,Male,128.125.29.253,01/12/1981
626,Celinka,Bagshawe,cbagshawehd@yahoo.com,Female,200.142.175.194,06/03/1988
627,Burtie,Comusso,bcomussohe@imageshack.us,Male,132.80.44.85,18/11/1941
628,Hollie,McGuckin,hmcguckinhf@nhs.uk,Female,100.47.161.174,10/07/1967
629,Olav,Linger,olingerhg@over-blog.com,Male,165.82.184.12,17/01/1930
630,Georgianne,Fenelon,gfenelonhh@posterous.com,Female,118.210.20.105,19/05/1961
631,Tricia,Rops,tropshi@thetimes.co.uk,Female,115.212.143.234,06/05/1958
632,Paloma,Wainman,pwainmanhj@mozilla.org,Female,140.76.177.247,15/07/1965
633,Neron,Cleland,nclelandhk@deviantart.com,Male,77.195.7.36,08/09/1939
634,Albert,Holt,aholthl@weibo.com,Male,79.10.52.107,09/07/1949
635,Claudell,Elderidge,celderidgehm@last.fm,Male,212.101.6.7,30/07/1952
636,Katine,Pickavant,kpickavanthn@alibaba.com,Female,92.174.27.109,02/04/1974
637,Farleigh,Fortey,fforteyho@fastcompany.com,Male,33.126.73.180,23/02/1990
638,Pattin,Schulze,pschulzehp@nba.com,Male,38.71.119.48,28/01/1994
639,Pepito,Van Dijk,pvandijkhq@geocities.com,Male,193.205.222.60,16/04/1966
640,Barbara,Marriage,bmarriagehr@cbsnews.com,Female,119.125.30.179,16/05/1945
641,Lavinia,Rigglesford,lrigglesfordhs@people.com.cn,Female,127.132.135.136,10/01/1962
642,Roxi,Bennet,rbennetht@quantcast.com,Female,216.231.142.126,09/01/1964
643,Cynthie,Surman Wells,csurmanwellshu@wp.com,Female,210.32.213.73,20/04/1936
644,Angele,Brugman,abrugmanhv@apple.com,Female,167.215.160.82,08/05/2002
645,Jay,Sowter,jsowterhw@sogou.com,Male,118.90.138.53,16/04/1955
646,Vitia,Gillis,vgillishx@cnet.com,Female,6.146.99.124,08/05/1957
647,Harwell,O'Henehan,hohenehanhy@blogs.com,Male,185.4.229.127,08/08/2005
648,Allin,Brownbridge,abrownbridgehz@w3.org,Male,195.69.39.218,22/04/1981
649,Cicily,Eberz,ceberzi0@harvard.edu,Female,33.147.108.81,13/08/2001
650,Wini,Gillease,wgilleasei1@themeforest.net,Female,194.165.206.193,03/06/1965
651,Stefa,Kirwin,skirwini2@ucla.edu,Female,162.138.64.239,06/08/1933
652,Staci,Gohier,sgohieri3@comsenz.com,Female,195.208.247.189,27/08/1931
653,Alissa,Goffe,agoffei4@trellian.com,Female,61.155.12.111,11/12/1972
654,Delphinia,Norres,dnorresi5@shutterfly.com,Female,99.194.5.12,09/12/1982
655,Filmer,Emmison,femmisoni6@hatena.ne.jp,Male,176.190.206.174,30/09/2004
656,Donal,Galbraeth,dgalbraethi7@nhs.uk,Male,47.235.17.36,12/04/1992
657,Milty,Dressel,mdresseli8@aol.com,Male,6.218.93.168,13/04/1982
658,Clerc,Maltman,cmaltmani9@tripod.com,Male,142.236.218.81,03/07/1988
659,Gaylord,Wardrope,gwardropeia@tuttocitta.it,Male,78.45.148.109,31/03/2004
660,Jeramey,Slack,jslackib@taobao.com,Male,153.88.169.36,16/01/1968
661,Casie,Kurdani,ckurdaniic@github.com,Female,182.205.242.177,24/05/2001
662,Aurie,Diehn,adiehnid@shareasale.com,Female,42.78.97.163,20/04/2004
663,Odette,Buttner,obuttnerie@usatoday.com,Female,186.69.249.40,11/09/1993
664,Maureene,Andrewartha,mandrewarthaif@printfriendly.com,Female,97.125.243.54,11/03/1976
665,Thomas,Noads,tnoadsig@nih.gov,Male,76.210.219.57,24/09/1973
666,Lorine,Chantillon,lchantillonih@auda.org.au,Female,175.163.108.59,31/03/1953
667,Enos,Cloutt,eclouttii@tiny.cc,Male,55.39.162.46,31/07/1947
668,Alejandra,Mongeot,amongeotij@cnbc.com,Female,135.85.38.147,25/06/1949
669,Ardisj,Fardy,afardyik@yandex.ru,Female,238.190.59.134,23/01/1997
670,Merry,Ciccetti,mciccettiil@bluehost.com,Female,242.113.87.140,16/06/1957
671,Arther,Cabel,acabelim@sfgate.com,Male,137.61.123.111,24/10/1982
672,Ian,Brunker,ibrunkerin@wikia.com,Male,226.142.120.200,01/05/1959
673,Thedrick,Eykelhof,teykelhofio@shinystat.com,Male,220.100.143.110,03/09/1986
674,Morton,Dimelow,mdimelowip@wordpress.com,Male,5.45.18.52,30/07/1983
675,Helena,Low,hlowiq@google.com.au,Female,57.131.2.239,01/08/1989
676,Ron,Abrahm,rabrahmir@cmu.edu,Male,102.194.246.206,07/02/1935
677,Fredric,Nardoni,fnardoniis@studiopress.com,Male,253.141.252.141,17/09/1981
678,Krisha,Wedgwood,kwedgwoodit@usa.gov,Male,45.231.162.80,27/02/1961
679,Noam,Franck,nfranckiu@hexun.com,Male,57.55.158.216,30/10/1931
680,Nolly,Greenough,ngreenoughiv@imdb.com,Male,7.235.34.102,13/11/1960
681,Mora,Blackborough,mblackboroughiw@sakura.ne.jp,Female,189.111.247.139,05/12/1999
682,Maxie,Sonier,msonierix@dailymotion.com,Male,197.34.43.127,10/07/1989
683,Tildie,Bediss,tbedissiy@i2i.jp,Female,9.145.58.206,18/12/1931
684,Colline,Herrero,cherreroiz@t.co,Female,63.202.116.20,27/11/1957
685,Emanuel,Kington,ekingtonj0@1688.com,Male,139.193.160.211,04/11/2001
686,Anatole,McGinlay,amcginlayj1@google.ru,Male,222.218.132.209,01/07/2043
687,Ximenes,McCloid,xmccloidj2@zdnet.com,Male,85.62.175.7,06/07/1989
688,Justis,Baert,jbaertj3@usa.gov,Male,235.137.204.118,01/09/1977
689,Jobi,Robbings,jrobbingsj4@un.org,Female,97.100.49.100,25/01/1941
690,Gardie,Brophy,gbrophyj5@yahoo.co.jp,Male,5.229.147.109,04/10/1933
691,Larisa,Bolles,lbollesj6@constantcontact.com,Female,34.85.155.117,06/02/1994
692,Kari,Durbyn,kdurbynj7@uol.com.br,Female,205.77.60.203,29/03/1966
693,Essie,Maytom,emaytomj8@ucsd.edu,Female,14.62.24.125,16/08/2002
694,Teodoor,Spurrett,tspurrettj9@slashdot.org,Male,240.163.193.177,08/05/1968
695,Clari,Balharry,cbalharryja@pagesperso-orange.fr,Female,6.43.0.73.0,18/01/1998
696,Rosetta,Ashlee,rashleejb@mysql.com,Female,239.253.247.167,22/07/2005
697,Eldin,Raulston,eraulstonjc@tumblr.com,Male,147.45.118.85,23/09/1995
698,Jessee,Acory,jacoryjd@shareasale.com,Male,28.26.69.144,14/07/2020
699,Hugues,Saffe,hsaffeje@tripadvisor.com,Male,177.203.42.100,08/11/1988
700,Berton,Cunniff,bcunniffjf@washingtonpost.com,Male,38.24.161.5,02/11/1990
701,Llewellyn,Hadcroft,lhadcroftjg@fastcompany.com,Male,83.117.0.216,17/10/1945
702,Meryl,Coultass,mcoultassjh@miitbeian.gov.cn,Male,226.76.95.212,03/12/1981
703,Kerrin,Mechic,kmechicji@elpais.com,Female,75.130.151.156,11/04/1931
704,Madalyn,Eastmond,meastmondjj@ebay.co.uk,Female,206.19.122.191,09/02/1933
705,Ilario,Heskin,iheskinjk@un.org,Male,9.153.164.215,11/05/1932
706,Vivia,Lidgate,vlidgatejl@nbcnews.com,Female,10.215.157.8,10/04/1948
707,Nestor,Eat,neatjm@tinypic.com,Male,37.155.86.213,16/05/1962
708,Linnie,Du Pre,lduprejn@adobe.com,Female,106.110.41.22,27/12/1939
709,Ricki,Pagan,rpaganjo@google.co.jp,Male,153.40.127.109,19/05/1959
710,Vladimir,Crowdson,vcrowdsonjp@hc360.com,Male,0.131.81.34,07/03/1984
711,Lu,Sibthorp,lsibthorpjq@mozilla.org,Female,29.34.97.198,08/07/1935
712,Malory,McClure,mmcclurejr@narod.ru,Female,34.230.124.78,25/12/1958
713,Boote,Crapper,bcrapperjs@tamu.edu,Male,152.152.127.167,31/12/1972
714,Ellswerth,Dallinder,edallinderjt@friendfeed.com,Male,91.233.189.6,10/11/2003
715,Lynea,Cockayne,lcockayneju@arstechnica.com,Female,50.133.82.186,04/03/1938
716,Cacilie,Beany,cbeanyjv@123-reg.co.uk,Female,56.3.225.192,30/09/1970
717,Barnaby,Blackmuir,bblackmuirjw@baidu.com,Male,179.24.1.147,12/07/1971
718,Ginger,Dann,gdannjx@imdb.com,Female,37.177.180.72,24/03/1935
719,Lennard,McKeag,lmckeagjy@ning.com,Male,51.188.136.174,08/11/1982
720,Lawrence,Acreman,lacremanjz@businessweek.com,Male,76.112.188.36,27/10/2002
721,Finn,Crudge,fcrudgek0@edublogs.org,Male,137.112.57.178,24/01/1990
722,Hy,Ipsly,hipslyk1@nba.com,Male,138.253.209.38,31/08/2003
723,Lanae,Gallaher,lgallaherk2@businessinsider.com,Female,252.206.80.181,21/01/1975
724,Stoddard,Kleinstern,skleinsternk3@reference.com,Female,11.156.8.63,15/01/1933
725,De,Aubri,daubrik4@nifty.com,Female,96.183.72.221,07/05/1980
726,Lorita,Bolley,lbolleyk5@webs.com,Female,122.233.16.190,24/04/1995
727,Carol,O'Deegan,codeegank6@usgs.gov,Female,79.39.215.57,22/09/1966
728,Cyndie,Rochewell,crochewellk7@topsy.com,Female,24.3.20.205,19/07/1964
729,Violet,Slemmonds,vslemmondsk8@yandex.ru,Female,12.31.130.20,29/06/1987
730,Lara,Balaison,lbalaisonk9@nhs.uk,Female,173.81.59.112,24/06/1937
731,Nissa,Zorzetti,nzorzettika@t.co,Female,102.16.200.88,31/07/1963
732,Kristina,Duckfield,kduckfieldkb@wunderground.com,Female,160.240.165.28,12/01/1931
733,Rolando,Allett,rallettkc@utexas.edu,Male,218.22.150.128,18/11/1943
734,Arron,Dennerley,adennerleykd@digg.com,Male,219.249.191.178,19/10/1946
735,Harlin,Marshman,hmarshmanke@abc.net.au,Male,40.217.50.25,01/01/1986
736,Skyler,Sizland,ssizlandkf@moonfruit.com,Male,81.78.141.14,30/07/2001
737,Kitty,Anchor,kanchorkg@wordpress.org,Female,68.98.241.198,02/06/1945
738,Bernie,Bruniges,bbrunigeskh@pagesperso-orange.fr,Male,148.79.18.73,03/01/1954
739,Mile,Guiton,mguitonki@yellowpages.com,Male,179.40.238.68,27/12/1963
740,Eugine,Jewis,ejewiskj@woothemes.com,Female,127.8.199.114,26/10/1941
741,Siffre,Mawne,smawnekk@unesco.org,Male,130.122.244.167,26/07/1981
742,Nessi,Berkely,nberkelykl@acquirethisname.com,Female,204.125.196.121,03/12/1960
743,Trstram,Jorin,tjorinkm@ucoz.ru,Male,157.104.72.157,23/01/1953
744,Barbee,Achurch,bachurchkn@ted.com,Female,95.92.202.12,28/09/1955
745,Dillon,Lacy,dlacyko@paypal.com,Male,76.154.109.111,28/12/1948
746,Kelwin,Brailey,kbraileykp@geocities.jp,Male,152.131.19.252,08/09/1952
747,Rodger,Bennedsen,rbennedsenkq@wikispaces.com,Male,29.6.154.198,23/07/1967
748,Noellyn,Jordi,njordikr@rediff.com,Female,79.152.231.191,09/07/1973
749,Kathi,Skep,kskepks@wunderground.com,Female,151.121.84.101,27/04/2001
750,Bevan,Putson,bputsonkt@yellowpages.com,Male,198.253.149.227,05/06/1957
751,Garry,Frentz,gfrentzku@google.fr,Male,188.52.210.201,20/04/2005
752,Geoff,Wybrow,gwybrowkv@wikipedia.org,Male,88.87.178.8,04/09/1938
753,Vivyan,Kall,vkallkw@google.com.br,Female,87.127.176.127,18/04/1959
754,Rochester,Curless,rcurlesskx@ustream.tv,Male,138.86.198.35,07/04/1973
755,Kimmy,Blodgett,kblodgettky@sourceforge.net,Female,23.116.32.55,08/02/1957
756,Illa,Newling,inewlingkz@utexas.edu,Female,53.39.145.205,23/07/2000
757,Jard,Degnen,jdegnenl0@digg.com,Male,102.204.215.166,23/01/2000
758,Junia,Rosenfelder,jrosenfelderl1@sphinn.com,Female,190.250.77.129,17/03/1935
759,Pearla,Orlton,porltonl2@bravesites.com,Female,2.204.4.3,11/09/1993
760,Gwenette,Khotler,gkhotlerl3@cbslocal.com,Female,cb7f:eb37:387f:6995:e521:3606:6fd7:9ade,06/11/1952
761,Shana,Stackbridge,sstackbridgel4@harvard.edu,Female,190.24.165.36,20/01/1981
762,Maisey,Dioniso,mdionisol5@kickstarter.com,Female,200.240.181.249,13/11/1996
763,D'arcy,Shrimptone,dshrimptonel6@reddit.com,Male,178.111.57.192,28/01/1949
764,Tadd,Gottschalk,tgottschalkl7@cisco.com,Male,66.171.243.160,22/06/1975
765,Opal,Costanza,ocostanzal8@usatoday.com,Female,58.72.167.135,26/02/2005
766,Marjory,Stannion,mstannionl9@xrea.com,Female,131.115.223.30,15/04/1954
767,Cristen,Skelhorn,cskelhornla@fastcompany.com,Female,129.225.234.192,16/09/1937
768,Axel,Hatwell,ahatwelllb@wikispaces.com,Male,153.190.148.168,08/03/2002
769,Blinnie,Sutherby,bsutherbylc@liveinternet.ru,Female,0.68.253.7,26/03/1962
770,Martguerita,Iacapucci,miacapuccild@harvard.edu,Female,45.48.110.230,23/10/1948
771,Kipp,De Metz,kdemetzle@cdbaby.com,Male,209.201.99.50,30/11/2003
772,Bekki,Skipper,bskipperlf@berkeley.edu,Female,210.22.218.242,26/08/1937
773,Audra,Bottrell,abottrelllg@amazon.de,Female,162.92.93.171,22/07/1954
774,Iago,Mennell,imennelllh@washingtonpost.com,Male,126.192.56.119,28/04/1948
775,Jimmy,Hotton,jhottonli@google.fr,Male,172.0.215.252,04/03/1986
776,Cully,Nijssen,cnijssenlj@blogs.com,Male,138.238.12.86,16/06/1961
777,Lisbeth,Strettell,lstrettelllk@ted.com,Female,255.153.8.127,24/12/1995
778,Tulley,Bravington,tbravingtonll@skype.com,Male,67.155.209.54,09/09/1970
779,Seka,Shearmer,sshearmerlm@jugem.jp,Female,62.147.185.20,01/10/1986
780,Beulah,McDaid,bmcdaidln@diigo.com,Female,2.82.124.77,18/05/1961
781,Brynne,Kynett,bkynettlo@newyorker.com,Female,232.55.187.206,04/11/1963
782,Brody,Galea,bgalealp@surveymonkey.com,Male,250.112.164.161,08/05/1936
783,Leonard,O'Doireidh,lodoireidhlq@noaa.gov,Male,43.217.241.98,13/07/1944
784,Fremont,Waber,fwaberlr@sphinn.com,Male,162.79.250.31,25/03/1979
785,Morgun,Janeczek,mjaneczekls@google.ru,Male,243.130.197.94,30/09/2000
786,Nathaniel,Stanney,nstanneylt@nps.gov,Male,119.247.63.14,17/10/1996
787,Lara,Trask,ltrasklu@meetup.com,Female,48.238.169.105,13/12/1998
788,Annnora,Pilger,apilgerlv@ycombinator.com,Female,251.242.139.77,26/02/1996
789,Kimbell,Pavlovic,kpavloviclw@businessweek.com,Male,62.71.7.139,11/07/1983
790,Bryanty,Pawelek,bpaweleklx@friendfeed.com,Male,27.201.250.153,26/03/2002
791,Tildie,Jansie,tjansiely@unc.edu,Female,130.119.111.247,09/06/1996
792,Ulrikaumeko,Heazel,uheazellz@domainmarket.com,Female,23.196.79.93,22/10/1994
793,Agneta,Nevitt,anevittm0@wordpress.org,Female,95.177.196.34,07/02/1998
794,Babb,Ferreri,bferrerim1@opera.com,Female,211.236.0.166,22/06/1942
795,Stepha,Morrant,smorrantm2@wikipedia.org,Female,39.15.57.241,16/05/1993
796,Jodie,Wildman,jwildmanm3@ameblo.jp,Female,124.226.224.45,07/11/1985
797,Dennis,Eingerfield,deingerfieldm4@networksolutions.com,Male,198.100.248.150,13/08/1997
798,Corrianne,McAlpin,cmcalpinm5@csmonitor.com,Female,216.223.191.170,29/11/1954
799,Zandra,Andriveau,zandriveaum6@hud.gov,Female,29.116.101.36,07/02/1971
800,Alfred,Prudence,aprudencem7@arstechnica.com,Male,7.98.57.68,05/12/1987
801,Vale,Patise,vpatisem8@geocities.jp,Male,172.61.113.48,23/01/1994
802,Brannon,Keogh,bkeoghm9@ycombinator.com,Male,137.44.49.22,07/08/1938
803,Hube,Breheny,hbrehenyma@ovh.net,Male,220.149.56.116,05/05/1970
804,Westleigh,Rignold,wrignoldmb@godaddy.com,Male,222.62.4.21,05/08/1990
805,Danette,Lutzmann,dlutzmannmc@loc.gov,Female,209.16.27.67,05/05/1997
806,Oswald,Maile,omailemd@va.gov,Male,238.183.136.31,06/08/1936
807,Glyn,Wolfer,gwolferme@sbwire.com,Male,237.191.46.117,06/11/1999
808,Salomone,Corser,scorsermf@newyorker.com,Male,61.236.209.206,26/03/1991
809,Michelina,Lamdin,mlamdinmg@cpanel.net,Female,26.99.70.254,03/10/1961
810,Shalna,Darragh,sdarraghmh@technorati.com,Female,235.243.104.110,28/08/1953
811,Ignazio,Pic,ipicmi@comcast.net,Male,175.166.248.18,09/02/1961
812,Erny,Ferronier,eferroniermj@360.cn,Male,207.13.49.43,26/03/1942
813,Myrwyn,Stredwick,mstredwickmk@telegraph.co.uk,Male,178.78.103.39,14/07/1965
814,Cortie,Ellwood,cellwoodml@wikia.com,Male,226.40.71.164,04/02/1977
815,Mavis,0'Dowgaine,modowgainemm@cdbaby.com,Female,137.132.152.55,26/06/1971
816,D'arcy,Mallen,dmallenmn@deliciousdays.com,Male,204.42.128.119,28/11/1976
817,Eldridge,Dymond,edymondmo@macromedia.com,Male,186.246.51.59,05/11/1990
818,Weston,Linfoot,wlinfootmp@clickbank.net,Male,232.209.244,14/07/1999
819,Frederik,Hirsch,fhirschmq@wired.com,Male,189.166.143.122,15/09/2003
820,Masha,Chessell,mchessellmr@so-net.ne.jp,Female,253.225.42.160,11/02/1964
821,Linda,Kane,lkanems@zimbio.com,Female,252.90.5.28,16/03/1944
822,Marcelline,Gosdin,mgosdinmt@craigslist.org,Female,103.136.129.56,21/03/1994
823,Teddi,Linfoot,tlinfootmu@cnet.com,Female,164.250.202.44,02/08/1940
824,Albertina,Aaronson,,Female,239.142.88.87,26/07/1989
825,Corrinne,Vinker,cvinkermw@studiopress.com,Female,175.43.240.74,07/04/1985
826,Alica,Lesser,alessermx@latimes.com,Female,70.13.52.226,08/10/1947
827,Alyse,Males,amalesmy@apple.com,Female,86.214.249.50,24/02/1993
828,Alyss,Novakovic,anovakovicmz@dell.com,Female,189.5.30.115,06/05/1994
829,Vincenz,Muldrew,vmuldrewn0@yahoo.com,Male,133.204.36.51,06/11/1947
830,Lilas,Farnsworth,lfarnsworthn1@posterous.com,Female,16.92.207.25,17/09/1949
831,Brier,Blair,bblairn2@parallels.com,Female,21.51.246.142,14/07/1945
832,Gabbie,Biffen,gbiffenn3@delicious.com,Female,200.207.194.230,28/04/1981
833,Wendel,Durnford,wdurnfordn4@discovery.com,Male,93.140.80.10,17/07/2004
834,Lizette,Di Ruggero,ldiruggeron5@google.co.jp,Female,157.3.78.178,27/11/1973
835,Hetti,Jacquot,hjacquotn6@g.co,Female,195.70.152.125,17/01/1939
836,Jere,Pearse,jpearsen7@dell.com,Male,128.248.113.54,13/11/2000
837,Brina,Kay,bkayn8@discuz.net,Female,64.165.253.194,17/03/1936
838,Zebedee,Lampitt,zlampittn9@scientificamerican.com,Male,181.89.103.151,23/06/1997
839,Stearne,Lythgoe,slythgoena@twitter.com,Male,87.4.22.246,14/08/1931
840,Aila,Glancey,aglanceynb@g.co,Female,16.172.225.142,16/03/1944
841,Raven,McWaters,rmcwatersnc@zdnet.com,Female,123.162.199.80,23/10/1974
842,Slade,Berriman,sberrimannd@bloomberg.com,Male,41.184.242.102,30/10/1940
843,Claudio,Crome,ccromene@huffingtonpost.com,Male,183.139.230.132,23/04/1947
844,Chrissy,Kynnd,ckynndnf@lulu.com,Male,112.125.238.176,29/11/1939
845,Guillaume,Eadington,geadingtonng@meetup.com,Male,239.132.191.227,29/03/1975
846,Haley,McTerlagh,hmcterlaghnh@ebay.com,Male,166.110.68.246,15/11/1933
847,Emanuele,Pedgrift,epedgriftni@chron.com,Male,23.1.170.241,17/09/1967
848,Ethel,Reicherz,ereicherznj@springer.com,Female,192.50.236.47,20/04/1945
849,Jamal,Moens,jmoensnk@zimbio.com,Male,151.7.95.167,07/02/1993
850,Cinderella,Malshinger,cmalshingernl@liveinternet.ru,Female,31.11.250.6,30/01/1997
851,Aldridge,Hixley,ahixleynm@squidoo.com,Male,110.161.131.129,08/06/1979
852,Parry,Vasilic,pvasilicnn@buzzfeed.com,Male,11.142.233.241,25/10/1944
853,Janaye,Standeven,jstandevenno@cpanel.net,Female,55.134.7.203,02/07/1958
854,Gabriell,Winkett,gwinkettnp@tripod.com,Female,251.253.184.13,23/07/1935
855,Idalia,Dimberline,idimberlinenq@berkeley.edu,Female,233.45.151.169,05/07/1949
856,Kit,Bercher,kberchernr@bluehost.com,Male,190.5.105.18,23/12/1973
857,Aeriell,Chafney,achafneyns@free.fr,Female,12.220.137.217,04/11/1981
858,Bernelle,Stoeckle,bstoecklent@stumbleupon.com,Female,83.202.64.241,27/04/1998
859,Reina,Lambert-Ciorwyn,rlambertciorwynnu@multiply.com,Female,165.253.153.3,22/06/1994
860,Ivan,Vase,ivasenv@nymag.com,Male,32.127.42.199,15/02/1993
861,Hasheem,Jolliss,hjollissnw@cnbc.com,Male,231.229.227.87,29/08/2005
862,Maison,Elleton,melletonnx@japanpost.jp,Male,16.212.244.90,28/10/1986
863,Shell,Eayrs,seayrsny@sfgate.com,Female,135.185.235.169,26/07/1959
864,Star,Hanbridge,shanbridgenz@fc2.com,Female,239.213.123.33,04/03/1942
865,Edd,Yukhin,eyukhino0@nsw.gov.au,Male,211.42.11.14,23/04/1969
866,Cece,Woodruffe,cwoodruffeo1@macromedia.com,Male,192.135.19.104,10/03/1989
867,Shay,Carratt,scarratto2@simplemachines.org,Male,190.213.222.172,09/06/1934
868,Almeta,Jerzyk,ajerzyko3@networkadvertising.org,Female,201.118.167.226,14/10/2004
869,Andriette,Gladding,agladdingo4@ebay.com,Female,245.162.194.110,03/01/1987
870,Cornie,McCambrois,cmccambroiso5@shinystat.com,Female,176.178.144.156,25/03/1935
871,Suzanne,Rickword,srickwordo6@freewebs.com,Female,46.70.115.178,26/10/1990
872,Yancy,Gollard,ygollardo7@ft.com,Male,222.185.131.206,21/03/1960
873,Lanna,Follis,lfolliso8@columbia.edu,Female,150.105.108.245,15/02/1965
874,Rurik,Hathway,rhathwayo9@timesonline.co.uk,Male,200.171.157.40,23/07/1988
875,Dimitri,Volage,dvolageoa@e-recht24.de,Male,212.182.166.50,04/04/1970
876,Lloyd,Phant,lphantob@ebay.co.uk,Male,64.100.182.109,12/05/1937
877,Robinet,Gammett,rgammettoc@fda.gov,Male,106.244.119.72,01/11/1994
878,Merrili,Cutteridge,mcutteridgeod@buzzfeed.com,Female,228.15.199.203,09-MAY-1956
879,Colette,Oxenford,coxenfordoe@ft.com,Female,237.28.119.77,03/01/1992
880,Vilhelmina,Whayman,vwhaymanof@ebay.co.uk,Female,208.28.8.149,20/05/1951
881,Isabella,Sturdey,isturdeyog@amazon.co.uk,Female,181.16.94.216,03/04/1944
882,Rusty,Moncrieffe,rmoncrieffeoh@canalblog.com,Male,239.210.159.21,29/11/1999
883,Deidre,Koeppe,dkoeppeoi@netscape.com,Female,243.250.32.19,11/12/1996
884,Mathilda,Heighway,mheighwayoj@nyu.edu,Female,142.173.94.192,22/06/1946
885,Walsh,Bowhay,wbowhayok@youtube.com,Male,208.166.145.22,23/06/1980
886,Norby,Tonkin,ntonkinol@digg.com,Male,251.228.23.82,24/12/1979
887,Lenna,Danzey,ldanzeyom@miitbeian.gov.cn,Female,81fa:e7bb:8612:f955:3aba:14d0:f1a5:a5ff,10/07/1954
888,Aleda,Grimm,agrimmon@eventbrite.com,Female,160.230.70.53,03/04/1965
889,Adelheid,Roset,arosetoo@ucsd.edu,Female,80.118.194.205,02/01/1936
890,Carlen,McFater,cmcfaterop@wsj.com,Female,125.201.217.69,08/04/1950
891,Janith,Jurisch,jjurischoq@booking.com,Female,136.52.167.146,09/12/1958
892,Christiane,Petkovic,cpetkovicor@go.com,Female,28.23.28.89,23/09/1982
893,,Donny Dobell,ddobellos@earthlink.net,Male,189.249.146.210,14/05/1950
894,Tobin,Tollit,ttollitot@macromedia.com,Male,18.218.42.7,12/01/1959
895,Cammy,Taplin,ctaplinou@foxnews.com,Male,77.235.10.250,16/05/2004
896,Zed,Saffin,zsaffinov@soundcloud.com,Male,193.251.56.140,19/06/1944
897,Elisha,Thatcham,ethatchamow@digg.com,Male,184.86.187.138,12/09/1979
898,Barclay,Kubanek,bkubanekox@twitter.com,Male,80.76.62.11,09/11/1961
899,Kristien,Souley,ksouleyoy@reuters.com,Female,221.208.132.143,07/11/1996
900,Merrilee,Gietz,mgietzoz@ftc.gov,Female,130.227.167.200,26/05/2002
901,Alysia,Zettoi,azettoip0@hugedomains.com,Female,239.180.153.169,08/04/1994
902,Neall,Harsnipe,nharsnipep1@sohu.com,Male,107.31.24.171,02/04/1938
903,Steffen,Mincini,smincinip2@tiny.cc,Male,221.123.156.174,06/07/1972
904,Dolores,Patrone,dpatronep3@latimes.com,Female,10.9.254.212,08/10/1966
905,Barnabas,Antunez,bantunezp4@google.it,Male,184.167.131.110,11/11/1970
906,Iorgo,Welland,iwellandp5@tiny.cc,Male,184.218.219.136,17/09/1948
907,Tessa,Cromblehome,tcromblehomep6@jimdo.com,Female,133.232.10.29,19/03/1998
908,Kent,Sictornes,ksictornesp7@msu.edu,Male,162.140.187.62,16/07/1970
909,Johan,Rake,jrakep8@blogspot.com,Male,166.29.27.201,20/12/1952
910,Jessalin,Pitrasso,jpitrassop9@arizona.edu,Female,81.218.41.189,18/07/1956
911,Auberon,Blasoni,,Male,47.68.85.150,23/07/2002
912,Walther,Thams,wthamspb@tuttocitta.it,Male,53.133.191.131,06/09/1945
913,Cale,Demkowicz,cdemkowiczpc@answers.com,Male,22.239.245.160,12/06/1974
914,Klement,Britcher,kbritcherpd@google.it,Male,247.27.128.162,30/11/2001
915,Caresa,Rannie,cranniepe@purevolume.com,Female,142.13.184.168,19/10/1973
916,Cole,Chooter,cchooterpf@cafepress.com,Male,156.2.138.89,17/11/1983
917,Julissa,Beal,jbealpg@dion.ne.jp,Female,157.18.189.17,05/05/1956
918,Hendrika,Dossetter,hdossetterph@engadget.com,Female,165.12.83.90,12/07/1980
919,Von,Askam,vaskampi@pbs.org,Male,8.44.247.234,08/12/1930
920,Whitby,Le Lievre,wlelievrepj@webnode.com,Male,5.51.112.6,08/06/1963
921,Margot,Taudevin,mtaudevinpk@arizona.edu,Female,93.134.193.64,31/08/1960
922,Felita,Brennan,fbrennanpl@ow.ly,Female,138.16.252.23,16/11/1997
923,Corry,Halladey,challadeypm@aol.com,Female,28.190.202.157,21/06/1991
924,Rem,Bettaney,rbettaneypn@boston.com,Male,169.15.12.177,17/05/2002
925,Fanya,Philipet,fphilipetpo@theglobeandmail.com,Female,65.196.184.196,15/06/1945
926,Demetre,Gliddon,dgliddonpp@newyorker.com,Male,10.207.206.205,22/01/1943
927,Barny,Anderton,bandertonpq@icio.us,Male,142.192.199.131,25/07/1935
928,Cybill,Le Ball,cleballpr@weebly.com,Female,51.1.85.182,20/10/1979
929,Gwyn,Baldini,gbaldinips@hostgator.com,Female,37.11.96.172,08/10/1947
930,Cyrillus,Mayhead,cmayheadpt@economist.com,Male,198.254.155.174,15/08/1942
931,Miles,Loweth,mlowethpu@constantcontact.com,Male,36.3.47.16,11/06/1944
932,Jana,Franzewitch,jfranzewitchpv@sitemeter.com,Female,99.93.79.131,13/08/1992
933,Domenico,Palfreeman,dpalfreemanpw@google.it,Male,40.168.192.58,14/05/1935
934,James,Hulbert,jhulbertpx@discuz.net,Male,81.110.92.131,16/04/2004
935,Jerad,Georgot,jgeorgotpy@soundcloud.com,Male,16.233.141.25,26/11/1953
936,Jillie,Catteroll,jcatterollpz@etsy.com,Female,68.164.109.99,06/01/1935
937,Ulrick,Mandell,umandellq0@state.gov,Male,242.248.178.145,09/06/1990
938,Kaleb,O'Curran,kocurranq1@deviantart.com,Male,92.245.241.102,24/08/1984
939,Stacee,Wilcocke,swilcockeq2@blogspot.com,Male,106.138.24.230,24/01/1961
940,Leesa,De Cleyne,ldecleyneq3@exblog.jp,Female,190.124.77.77,14/01/1990
941,Frankie,Mohun,fmohunq4@economist.com,Female,98.176.45.173,06/09/1936
942,Gilli,Orto,gortoq5@hugedomains.com,Female,177.253.155.171,09/05/1979
943,Sandra,Mingardi,smingardiq6@unicef.org,Female,38.7.233.183,08/06/1993
944,Burnaby,Jagg,bjaggq7@merriam-webster.com,Male,192.165.242.1,15/02/1956
945,Jeramie,Denisovich,jdenisovichq8@ning.com,Male,121.98.249.184,15/11/1979
946,Arlene,Duckering,aduckeringq9@vkontakte.ru,Female,55.46.106.210,20/05/1960
947,Bart,Noades,bnoadesqa@photobucket.com,Male,105.159.215.144,11/08/1960
948,Tricia,Orth,torthqb@naver.com,Female,91.246.175.109,01/12/1977
949,Svend,Fitch,sfitchqc@deviantart.com,Male,69.172.11.150,26/04/1984
950,Arron,Ary,,Male,82.149.191.21,25/05/1950
951,Tully,Vautin,tvautinqe@home.pl,Male,225.141.152.85,07/07/1937
952,Angel,Ivanchenkov,aivanchenkovqf@t.co,Female,175.176.35.27,14/02/1977
953,Fernando,Cakes,fcakesqg@webnode.com,Male,53.55.200.76,06/01/1952
954,Whitaker,Barnet,wbarnetqh@wikipedia.org,Male,127.255.30.192,31/03/1939
955,Gwyneth,Jeeks,gjeeksqi@cnet.com,Female,149.220.247.164,16/05/1987
956,Elton,Tilly,etillyqj@amazon.com,Male,134.132.197.30,04/06/1957
957,Sophronia,Schofield,sschofieldqk@facebook.com,Female,145.107.137.99,22/02/1940
958,Grazia,Taveriner,gtaverinerql@1und1.de,Female,107.9.173.249,24/04/1946
959,Ulrica,Andries,uandriesqm@webs.com,Female,96.203.11.88,18/04/1958
960,Sapphira,Berrie,sberrieqn@amazon.de,Female,170.252.150.81,25/05/1940
961,Idell,Nattrass,inattrassqo@rakuten.co.jp,Female,76.250.65.146,27/10/1967
962,Granger,Battell,gbattellqp@ustream.tv,Male,40.131.106.100,19/03/1988
963,Stacy,Skelcher,sskelcherqq@sakura.ne.jp,Male,181.41.71.78,28/12/1949
964,Marysa,Lanfere,mlanfereqr@indiatimes.com,Female,142.27.54.141,22/07/1964
965,Almeria,Lanon,alanonqs@alexa.com,Female,26.144.209.5,06/05/1943*
966,Irving,Willicott,iwillicottqt@fda.gov,Male,244.16.54.151,24/08/1946
967,Byrle,Hanbury-Brown,bhanburybrownqu@google.fr,Male,81.132.247.105,02/01/1940
968,Sauncho,Corington,scoringtonqv@icq.com,Male,209.124.75.219,03/01/1957
969,Melesa,Duigenan,mduigenanqw@springer.com,Female,12.199.145.62,21/10/1954
970,Wally,Blancowe,wblancoweqx@comcast.net,Female,232.87.160.74,05/03/1974
971,Heida,Moylane,hmoylaneqy@nytimes.com,Female,47.227.56.165,07/05/2001
972,Samuele,Hoys,shoysqz@tiny.cc,Male,54.4.241.38,21/07/2002
973,Yolane,Bazylets,ybazyletsr0@illinois.edu,Female,0.4.185.121,04/01/1989
974,Anallise,Wheelan,awheelanr1@toplist.cz,Female,127.199.1.54,28/09/1959
975,Mikael,Longdon,mlongdonr2@sitemeter.com,Male,121.16.130.55,23/10/1982
976,Esma,Plaschke,eplaschker3@forbes.com,Female,109.243.82.52,22/08/1990
977,Roxana,Skep,rskepr4@w3.org,Female,85.196.158.240,31/10/1973
978,Chuck,Chaudhry,cchaudhryr5@cdbaby.com,Male,72.99.75.193,06/12/2000
979,Rockie,Antonin,rantoninr6@chron.com,Male,121.70.196.4,20/01/2005
980,Dacie,Meijer,dmeijerr7@photobucket.com,Female,142.191.99.80,06/01/1940
981,Bernice,Avrahm,bavrahmr8@google.it,Female,46.8.155.195,11/08/1986
982,Row,Tanfield,rtanfieldr9@nsw.gov.au,Female,243.206.159.132,08/10/1972
983,Ernesto,Rolling,erollingra@ifeng.com,Male,69.196.245.12,18/10/1956
984,Megen,Virgin,mvirginrb@phoca.cz,Female,114.125.147.111,17/07/1986
985,Wells,Bergeau,wbergeaurc@ucla.edu,Male,149.188.44.155,28/03/1985
986,Nichols,Petz,npetzrd@youtube.com,Male,152.224.151.16,19/11/1932
987,Dion,Matthias,dmatthiasre@hugedomains.com,Female,120.164.14.90,28/07/1949
988,Krysta,Naulls,knaullsrf@skyrock.com,Female,141.208.27.61,29/10/1975
989,Linn,Cranke,lcrankerg@1und1.de,Male,204.120.111.38,14/06/1971
990,Frannie,Yarker,fyarkerrh@blog.com,Male,138.41.125.7,13/09/1930
991,Dinah,Medland,dmedlandri@wordpress.com,Female,189.194.47.246,30/06/2005
992,Dani,McGinn,dmcginnrj@webmd.com,Male,79.17.209.136,10/07/1976
993,Horten,Wildt,hwildtrk@soundcloud.com,,162.42.25.215,02/01/1952
994,Charley,Imason,cimasonrl@wikipedia.org,Male,222.16.253.2,06/08/1946
995,Kin,Cumbridge,kcumbridgerm@samsung.com,Male,195.180.69.179,20/09/1991
996,Gertruda,Bonnaire,gbonnairern@auda.org.au,Female,91.115.226.255,30/04/1956
997,Lorne,Candlish,lcandlishro@shop-pro.jp,Male,185.161.234.77,28/03/1945
998,Evelyn,Chant,echantrp@mozilla.org,Female,26.111.32.69,26/09/1986
999,Alison,Friedank,afriedankrq@indiegogo.com,Female,211.42.161.117,05/02/1995
1000,Maighdiln,Fursse,mfursserr@exblog.jp,Female,183.163.164.224,06/01/1939
